model,split_seed,candidate_seed,layer_rule,layer,nested_model,features,n_candidates,n_images,n_positive,positive_rate,group_folds,oof_auroc,oof_auprc
bbb_densenet,1001,0,nested_selected_nonlogit,denseblock3,M0_singular,"rank,singular_value",80000,400,16220,0.20275,5,0.6584842064603239,0.3102835507502043
bbb_densenet,1001,0,nested_selected_nonlogit,denseblock3,M1_jvp_proxy,"rank,singular_value,jvp_gain",80000,400,16220,0.20275,5,0.7792597917703388,0.4315459303456949
bbb_densenet,1001,0,nested_selected_nonlogit,denseblock3,M2_margin,"rank,singular_value,jvp_gain,margin_drop",80000,400,16220,0.20275,5,0.9807333160884808,0.946007461898877
bbb_densenet,1001,0,nested_selected_nonlogit,denseblock3,M3_gradient,"rank,singular_value,jvp_gain,margin_drop,ce_grad_cos,dlr_grad_cos",80000,400,16220,0.20275,5,0.9807209662994595,0.9459637374483036
bbb_densenet,1001,0,nested_selected_nonlogit,denseblock3,M4_transport,"rank,singular_value,jvp_gain,margin_drop,ce_grad_cos,dlr_grad_cos,transport_projection_energy",80000,400,16220,0.20275,5,0.9806971859957877,0.9461225429347297
bbb_densenet,1001,0,prespecified_prelogit,penultimate,M0_singular,"rank,singular_value",80000,400,14785,0.1848125,5,0.7057459638135102,0.3429453316105626
bbb_densenet,1001,0,prespecified_prelogit,penultimate,M1_jvp_proxy,"rank,singular_value,jvp_gain",80000,400,14785,0.1848125,5,0.8119537620561588,0.4513159111850733
bbb_densenet,1001,0,prespecified_prelogit,penultimate,M2_margin,"rank,singular_value,jvp_gain,margin_drop",80000,400,14785,0.1848125,5,0.9808704378905796,0.940159107243189
bbb_densenet,1001,0,prespecified_prelogit,penultimate,M3_gradient,"rank,singular_value,jvp_gain,margin_drop,ce_grad_cos,dlr_grad_cos",80000,400,14785,0.1848125,5,0.9808887649293844,0.9401413662079215
bbb_densenet,1001,0,prespecified_prelogit,penultimate,M4_transport,"rank,singular_value,jvp_gain,margin_drop,ce_grad_cos,dlr_grad_cos,transport_projection_energy",80000,400,14785,0.1848125,5,0.9858123610851866,0.9525406227839779
bbb_densenet,1001,1,nested_selected_nonlogit,denseblock3,M0_singular,"rank,singular_value",80000,400,16236,0.20295,5,0.658394462371322,0.3117910190901339
bbb_densenet,1001,1,nested_selected_nonlogit,denseblock3,M1_jvp_proxy,"rank,singular_value,jvp_gain",80000,400,16236,0.20295,5,0.7789103918692294,0.43364851529187565
bbb_densenet,1001,1,nested_selected_nonlogit,denseblock3,M2_margin,"rank,singular_value,jvp_gain,margin_drop",80000,400,16236,0.20295,5,0.980912651750027,0.9470155102875898
bbb_densenet,1001,1,nested_selected_nonlogit,denseblock3,M3_gradient,"rank,singular_value,jvp_gain,margin_drop,ce_grad_cos,dlr_grad_cos",80000,400,16236,0.20295,5,0.9809204622555034,0.9470233803509212
bbb_densenet,1001,1,nested_selected_nonlogit,denseblock3,M4_transport,"rank,singular_value,jvp_gain,margin_drop,ce_grad_cos,dlr_grad_cos,transport_projection_energy",80000,400,16236,0.20295,5,0.9809307600292957,0.9472780769873663
bbb_densenet,1001,1,prespecified_prelogit,penultimate,M0_singular,"rank,singular_value",80000,400,14703,0.1837875,5,0.7067607698388239,0.3417155106098225
bbb_densenet,1001,1,prespecified_prelogit,penultimate,M1_jvp_proxy,"rank,singular_value,jvp_gain",80000,400,14703,0.1837875,5,0.8130854532674553,0.45027843685258245
bbb_densenet,1001,1,prespecified_prelogit,penultimate,M2_margin,"rank,singular_value,jvp_gain,margin_drop",80000,400,14703,0.1837875,5,0.980268305459518,0.9382125620051514
bbb_densenet,1001,1,prespecified_prelogit,penultimate,M3_gradient,"rank,singular_value,jvp_gain,margin_drop,ce_grad_cos,dlr_grad_cos",80000,400,14703,0.1837875,5,0.9802677732021106,0.9381496713186723
bbb_densenet,1001,1,prespecified_prelogit,penultimate,M4_transport,"rank,singular_value,jvp_gain,margin_drop,ce_grad_cos,dlr_grad_cos,transport_projection_energy",80000,400,14703,0.1837875,5,0.9853475045753591,0.9510770056123612
bbb_densenet,1001,2,nested_selected_nonlogit,denseblock3,M0_singular,"rank,singular_value",80000,400,16249,0.2031125,5,0.6579617094073325,0.310759794812598
bbb_densenet,1001,2,nested_selected_nonlogit,denseblock3,M1_jvp_proxy,"rank,singular_value,jvp_gain",80000,400,16249,0.2031125,5,0.778757844248673,0.43105292162877484
bbb_densenet,1001,2,nested_selected_nonlogit,denseblock3,M2_margin,"rank,singular_value,jvp_gain,margin_drop",80000,400,16249,0.2031125,5,0.9804800084762669,0.9463784615319858
bbb_densenet,1001,2,nested_selected_nonlogit,denseblock3,M3_gradient,"rank,singular_value,jvp_gain,margin_drop,ce_grad_cos,dlr_grad_cos",80000,400,16249,0.2031125,5,0.9805005531287111,0.9463425053188228
bbb_densenet,1001,2,nested_selected_nonlogit,denseblock3,M4_transport,"rank,singular_value,jvp_gain,margin_drop,ce_grad_cos,dlr_grad_cos,transport_projection_energy",80000,400,16249,0.2031125,5,0.9805003117903448,0.9465778455864545
bbb_densenet,1001,2,prespecified_prelogit,penultimate,M0_singular,"rank,singular_value",80000,400,14663,0.1832875,5,0.7080558093098237,0.34322844611686143
bbb_densenet,1001,2,prespecified_prelogit,penultimate,M1_jvp_proxy,"rank,singular_value,jvp_gain",80000,400,14663,0.1832875,5,0.8139884823440499,0.4514065968143225
bbb_densenet,1001,2,prespecified_prelogit,penultimate,M2_margin,"rank,singular_value,jvp_gain,margin_drop",80000,400,14663,0.1832875,5,0.9804812725331526,0.9382797759841881
bbb_densenet,1001,2,prespecified_prelogit,penultimate,M3_gradient,"rank,singular_value,jvp_gain,margin_drop,ce_grad_cos,dlr_grad_cos",80000,400,14663,0.1832875,5,0.9804824353281821,0.9382259327727108
bbb_densenet,1001,2,prespecified_prelogit,penultimate,M4_transport,"rank,singular_value,jvp_gain,margin_drop,ce_grad_cos,dlr_grad_cos,transport_projection_energy",80000,400,14663,0.1832875,5,0.9854001867283897,0.9509744137156955
bbb_densenet,1001,3,nested_selected_nonlogit,denseblock3,M0_singular,"rank,singular_value",80000,400,16302,0.203775,5,0.6572996009159418,0.31170453837511425
bbb_densenet,1001,3,nested_selected_nonlogit,denseblock3,M1_jvp_proxy,"rank,singular_value,jvp_gain",80000,400,16302,0.203775,5,0.7775391476523958,0.4310223152572354
bbb_densenet,1001,3,nested_selected_nonlogit,denseblock3,M2_margin,"rank,singular_value,jvp_gain,margin_drop",80000,400,16302,0.203775,5,0.9814305874989429,0.9481921777997666
bbb_densenet,1001,3,nested_selected_nonlogit,denseblock3,M3_gradient,"rank,singular_value,jvp_gain,margin_drop,ce_grad_cos,dlr_grad_cos",80000,400,16302,0.203775,5,0.9814352937560971,0.9481838055578956
bbb_densenet,1001,3,nested_selected_nonlogit,denseblock3,M4_transport,"rank,singular_value,jvp_gain,margin_drop,ce_grad_cos,dlr_grad_cos,transport_projection_energy",80000,400,16302,0.203775,5,0.9814187895950358,0.9483781260005087
bbb_densenet,1001,3,prespecified_prelogit,penultimate,M0_singular,"rank,singular_value",80000,400,14779,0.1847375,5,0.7047561756277543,0.3413326392961893
bbb_densenet,1001,3,prespecified_prelogit,penultimate,M1_jvp_proxy,"rank,singular_value,jvp_gain",80000,400,14779,0.1847375,5,0.8114699055984848,0.4496932243032702
bbb_densenet,1001,3,prespecified_prelogit,penultimate,M2_margin,"rank,singular_value,jvp_gain,margin_drop",80000,400,14779,0.1847375,5,0.9799794306503163,0.9377255399276101
bbb_densenet,1001,3,prespecified_prelogit,penultimate,M3_gradient,"rank,singular_value,jvp_gain,margin_drop,ce_grad_cos,dlr_grad_cos",80000,400,14779,0.1847375,5,0.9799906413433412,0.9377032239997337
bbb_densenet,1001,3,prespecified_prelogit,penultimate,M4_transport,"rank,singular_value,jvp_gain,margin_drop,ce_grad_cos,dlr_grad_cos,transport_projection_energy",80000,400,14779,0.1847375,5,0.9852061750659228,0.9504379659518887
bbb_densenet,1001,4,nested_selected_nonlogit,denseblock3,M0_singular,"rank,singular_value",80000,400,16278,0.203475,5,0.6588462229226681,0.31159835042615125
bbb_densenet,1001,4,nested_selected_nonlogit,denseblock3,M1_jvp_proxy,"rank,singular_value,jvp_gain",80000,400,16278,0.203475,5,0.778658309903776,0.4302851561073447
bbb_densenet,1001,4,nested_selected_nonlogit,denseblock3,M2_margin,"rank,singular_value,jvp_gain,margin_drop",80000,400,16278,0.203475,5,0.9814895766885863,0.9485799711679949
bbb_densenet,1001,4,nested_selected_nonlogit,denseblock3,M3_gradient,"rank,singular_value,jvp_gain,margin_drop,ce_grad_cos,dlr_grad_cos",80000,400,16278,0.203475,5,0.9815088880187302,0.9485967455960429
bbb_densenet,1001,4,nested_selected_nonlogit,denseblock3,M4_transport,"rank,singular_value,jvp_gain,margin_drop,ce_grad_cos,dlr_grad_cos,transport_projection_energy",80000,400,16278,0.203475,5,0.9814991171470309,0.9487548135153046
bbb_densenet,1001,4,prespecified_prelogit,penultimate,M0_singular,"rank,singular_value",80000,400,14712,0.1839,5,0.7075966363683186,0.34296545154997704
bbb_densenet,1001,4,prespecified_prelogit,penultimate,M1_jvp_proxy,"rank,singular_value,jvp_gain",80000,400,14712,0.1839,5,0.8141225302718623,0.4517574968776468
bbb_densenet,1001,4,prespecified_prelogit,penultimate,M2_margin,"rank,singular_value,jvp_gain,margin_drop",80000,400,14712,0.1839,5,0.9804933698126858,0.9384442121205914
bbb_densenet,1001,4,prespecified_prelogit,penultimate,M3_gradient,"rank,singular_value,jvp_gain,margin_drop,ce_grad_cos,dlr_grad_cos",80000,400,14712,0.1839,5,0.9804978142938879,0.938394770864309
bbb_densenet,1001,4,prespecified_prelogit,penultimate,M4_transport,"rank,singular_value,jvp_gain,margin_drop,ce_grad_cos,dlr_grad_cos,transport_projection_energy",80000,400,14712,0.1839,5,0.9855654390378676,0.9510742464902877
bbb_densenet,1002,0,nested_selected_nonlogit,denseblock3,M0_singular,"rank,singular_value",80000,400,16683,0.2085375,5,0.6401734075768815,0.3009393486838355
bbb_densenet,1002,0,nested_selected_nonlogit,denseblock3,M1_jvp_proxy,"rank,singular_value,jvp_gain",80000,400,16683,0.2085375,5,0.7688042923109318,0.425360366626025
bbb_densenet,1002,0,nested_selected_nonlogit,denseblock3,M2_margin,"rank,singular_value,jvp_gain,margin_drop",80000,400,16683,0.2085375,5,0.9841531283674799,0.9569762315963837
bbb_densenet,1002,0,nested_selected_nonlogit,denseblock3,M3_gradient,"rank,singular_value,jvp_gain,margin_drop,ce_grad_cos,dlr_grad_cos",80000,400,16683,0.2085375,5,0.9841256214865493,0.9569213804220396
bbb_densenet,1002,0,nested_selected_nonlogit,denseblock3,M4_transport,"rank,singular_value,jvp_gain,margin_drop,ce_grad_cos,dlr_grad_cos,transport_projection_energy",80000,400,16683,0.2085375,5,0.9843072023067125,0.9577228846262285
bbb_densenet,1002,0,prespecified_prelogit,penultimate,M0_singular,"rank,singular_value",80000,400,15219,0.1902375,5,0.6884032161941802,0.3342302624619628
bbb_densenet,1002,0,prespecified_prelogit,penultimate,M1_jvp_proxy,"rank,singular_value,jvp_gain",80000,400,15219,0.1902375,5,0.8041602746903335,0.4487064791975647
bbb_densenet,1002,0,prespecified_prelogit,penultimate,M2_margin,"rank,singular_value,jvp_gain,margin_drop",80000,400,15219,0.1902375,5,0.9824881435304547,0.9487289294180936
bbb_densenet,1002,0,prespecified_prelogit,penultimate,M3_gradient,"rank,singular_value,jvp_gain,margin_drop,ce_grad_cos,dlr_grad_cos",80000,400,15219,0.1902375,5,0.9824917493653749,0.9486589345947023
bbb_densenet,1002,0,prespecified_prelogit,penultimate,M4_transport,"rank,singular_value,jvp_gain,margin_drop,ce_grad_cos,dlr_grad_cos,transport_projection_energy",80000,400,15219,0.1902375,5,0.9862082200237746,0.9567171903599705
bbb_densenet,1002,1,nested_selected_nonlogit,denseblock3,M0_singular,"rank,singular_value",80000,400,16713,0.2089125,5,0.6394082215279278,0.3005425110355399
bbb_densenet,1002,1,nested_selected_nonlogit,denseblock3,M1_jvp_proxy,"rank,singular_value,jvp_gain",80000,400,16713,0.2089125,5,0.7684778636877306,0.4249877369946444
bbb_densenet,1002,1,nested_selected_nonlogit,denseblock3,M2_margin,"rank,singular_value,jvp_gain,margin_drop",80000,400,16713,0.2089125,5,0.9839707096093772,0.9567807367842294
bbb_densenet,1002,1,nested_selected_nonlogit,denseblock3,M3_gradient,"rank,singular_value,jvp_gain,margin_drop,ce_grad_cos,dlr_grad_cos",80000,400,16713,0.2089125,5,0.9839411648063278,0.9567028557134205
bbb_densenet,1002,1,nested_selected_nonlogit,denseblock3,M4_transport,"rank,singular_value,jvp_gain,margin_drop,ce_grad_cos,dlr_grad_cos,transport_projection_energy",80000,400,16713,0.2089125,5,0.9841846962361855,0.9575653082164659
bbb_densenet,1002,1,prespecified_prelogit,penultimate,M0_singular,"rank,singular_value",80000,400,15131,0.1891375,5,0.6884089840421528,0.3332218036286945
bbb_densenet,1002,1,prespecified_prelogit,penultimate,M1_jvp_proxy,"rank,singular_value,jvp_gain",80000,400,15131,0.1891375,5,0.8043186097617666,0.4471101533358186
bbb_densenet,1002,1,prespecified_prelogit,penultimate,M2_margin,"rank,singular_value,jvp_gain,margin_drop",80000,400,15131,0.1891375,5,0.9833953482222716,0.9500044256430926
bbb_densenet,1002,1,prespecified_prelogit,penultimate,M3_gradient,"rank,singular_value,jvp_gain,margin_drop,ce_grad_cos,dlr_grad_cos",80000,400,15131,0.1891375,5,0.9834067660776452,0.9499705599147348
bbb_densenet,1002,1,prespecified_prelogit,penultimate,M4_transport,"rank,singular_value,jvp_gain,margin_drop,ce_grad_cos,dlr_grad_cos,transport_projection_energy",80000,400,15131,0.1891375,5,0.9869769696009121,0.958078548860738
bbb_densenet,1002,2,nested_selected_nonlogit,denseblock3,M0_singular,"rank,singular_value",80000,400,16714,0.208925,5,0.6393914052160631,0.3007866947208621
bbb_densenet,1002,2,nested_selected_nonlogit,denseblock3,M1_jvp_proxy,"rank,singular_value,jvp_gain",80000,400,16714,0.208925,5,0.7669847201309152,0.4238062272919323
bbb_densenet,1002,2,nested_selected_nonlogit,denseblock3,M2_margin,"rank,singular_value,jvp_gain,margin_drop",80000,400,16714,0.208925,5,0.9846862641350344,0.957388746616471
bbb_densenet,1002,2,nested_selected_nonlogit,denseblock3,M3_gradient,"rank,singular_value,jvp_gain,margin_drop,ce_grad_cos,dlr_grad_cos",80000,400,16714,0.208925,5,0.9846900920275273,0.9574084565052376
bbb_densenet,1002,2,nested_selected_nonlogit,denseblock3,M4_transport,"rank,singular_value,jvp_gain,margin_drop,ce_grad_cos,dlr_grad_cos,transport_projection_energy",80000,400,16714,0.208925,5,0.9849968462287769,0.9583310991924909
bbb_densenet,1002,2,prespecified_prelogit,penultimate,M0_singular,"rank,singular_value",80000,400,15219,0.1902375,5,0.6867265384568293,0.33120517090506596
bbb_densenet,1002,2,prespecified_prelogit,penultimate,M1_jvp_proxy,"rank,singular_value,jvp_gain",80000,400,15219,0.1902375,5,0.803178538207689,0.44631706790774917
bbb_densenet,1002,2,prespecified_prelogit,penultimate,M2_margin,"rank,singular_value,jvp_gain,margin_drop",80000,400,15219,0.1902375,5,0.9821887882311195,0.9483747564093972
bbb_densenet,1002,2,prespecified_prelogit,penultimate,M3_gradient,"rank,singular_value,jvp_gain,margin_drop,ce_grad_cos,dlr_grad_cos",80000,400,15219,0.1902375,5,0.9821908969598956,0.9483354390943409
bbb_densenet,1002,2,prespecified_prelogit,penultimate,M4_transport,"rank,singular_value,jvp_gain,margin_drop,ce_grad_cos,dlr_grad_cos,transport_projection_energy",80000,400,15219,0.1902375,5,0.9864804823676809,0.9572808212685107
bbb_densenet,1002,3,nested_selected_nonlogit,denseblock3,M0_singular,"rank,singular_value",80000,400,16578,0.207225,5,0.639906641321804,0.29923299054990327
bbb_densenet,1002,3,nested_selected_nonlogit,denseblock3,M1_jvp_proxy,"rank,singular_value,jvp_gain",80000,400,16578,0.207225,5,0.7670926873776983,0.4213788715062995
bbb_densenet,1002,3,nested_selected_nonlogit,denseblock3,M2_margin,"rank,singular_value,jvp_gain,margin_drop",80000,400,16578,0.207225,5,0.9843537751074435,0.9570948135818197
bbb_densenet,1002,3,nested_selected_nonlogit,denseblock3,M3_gradient,"rank,singular_value,jvp_gain,margin_drop,ce_grad_cos,dlr_grad_cos",80000,400,16578,0.207225,5,0.9843829549730061,0.9571386136187184
bbb_densenet,1002,3,nested_selected_nonlogit,denseblock3,M4_transport,"rank,singular_value,jvp_gain,margin_drop,ce_grad_cos,dlr_grad_cos,transport_projection_energy",80000,400,16578,0.207225,5,0.9845740859457522,0.9579166347274793
bbb_densenet,1002,3,prespecified_prelogit,penultimate,M0_singular,"rank,singular_value",80000,400,15294,0.191175,5,0.6892697481256431,0.3351994689645377
bbb_densenet,1002,3,prespecified_prelogit,penultimate,M1_jvp_proxy,"rank,singular_value,jvp_gain",80000,400,15294,0.191175,5,0.8051428931303533,0.4512126568736391
bbb_densenet,1002,3,prespecified_prelogit,penultimate,M2_margin,"rank,singular_value,jvp_gain,margin_drop",80000,400,15294,0.191175,5,0.9831472803054668,0.9500293821127427
bbb_densenet,1002,3,prespecified_prelogit,penultimate,M3_gradient,"rank,singular_value,jvp_gain,margin_drop,ce_grad_cos,dlr_grad_cos",80000,400,15294,0.191175,5,0.9831620800217732,0.9499994626489076
bbb_densenet,1002,3,prespecified_prelogit,penultimate,M4_transport,"rank,singular_value,jvp_gain,margin_drop,ce_grad_cos,dlr_grad_cos,transport_projection_energy",80000,400,15294,0.191175,5,0.9868761560345789,0.9583490121608297
bbb_densenet,1002,4,nested_selected_nonlogit,denseblock3,M0_singular,"rank,singular_value",80000,400,16670,0.208375,5,0.6398463083318912,0.3007166045217321
bbb_densenet,1002,4,nested_selected_nonlogit,denseblock3,M1_jvp_proxy,"rank,singular_value,jvp_gain",80000,400,16670,0.208375,5,0.7688871188339309,0.4242471343585891
bbb_densenet,1002,4,nested_selected_nonlogit,denseblock3,M2_margin,"rank,singular_value,jvp_gain,margin_drop",80000,400,16670,0.208375,5,0.9844027774265138,0.9572905473345975
bbb_densenet,1002,4,nested_selected_nonlogit,denseblock3,M3_gradient,"rank,singular_value,jvp_gain,margin_drop,ce_grad_cos,dlr_grad_cos",80000,400,16670,0.208375,5,0.9843913405855068,0.9572568345893179
bbb_densenet,1002,4,nested_selected_nonlogit,denseblock3,M4_transport,"rank,singular_value,jvp_gain,margin_drop,ce_grad_cos,dlr_grad_cos,transport_projection_energy",80000,400,16670,0.208375,5,0.9845785395265807,0.9579913674680814
bbb_densenet,1002,4,prespecified_prelogit,penultimate,M0_singular,"rank,singular_value",80000,400,15243,0.1905375,5,0.6869298820063846,0.3324477382206019
bbb_densenet,1002,4,prespecified_prelogit,penultimate,M1_jvp_proxy,"rank,singular_value,jvp_gain",80000,400,15243,0.1905375,5,0.8050849900861871,0.44998885426974994
bbb_densenet,1002,4,prespecified_prelogit,penultimate,M2_margin,"rank,singular_value,jvp_gain,margin_drop",80000,400,15243,0.1905375,5,0.9827508245488921,0.9495204184959448
bbb_densenet,1002,4,prespecified_prelogit,penultimate,M3_gradient,"rank,singular_value,jvp_gain,margin_drop,ce_grad_cos,dlr_grad_cos",80000,400,15243,0.1905375,5,0.9827780955921255,0.9495152498050232
bbb_densenet,1002,4,prespecified_prelogit,penultimate,M4_transport,"rank,singular_value,jvp_gain,margin_drop,ce_grad_cos,dlr_grad_cos,transport_projection_energy",80000,400,15243,0.1905375,5,0.9866062737313048,0.9576170364864687
bbb_densenet,1003,0,nested_selected_nonlogit,denseblock3,M0_singular,"rank,singular_value",80000,400,16821,0.2102625,5,0.6390956257190611,0.3014866822500567
bbb_densenet,1003,0,nested_selected_nonlogit,denseblock3,M1_jvp_proxy,"rank,singular_value,jvp_gain",80000,400,16821,0.2102625,5,0.7692211089868823,0.4259880346540873
bbb_densenet,1003,0,nested_selected_nonlogit,denseblock3,M2_margin,"rank,singular_value,jvp_gain,margin_drop",80000,400,16821,0.2102625,5,0.9768871251436128,0.9418163852227686
bbb_densenet,1003,0,nested_selected_nonlogit,denseblock3,M3_gradient,"rank,singular_value,jvp_gain,margin_drop,ce_grad_cos,dlr_grad_cos",80000,400,16821,0.2102625,5,0.9768801139815652,0.9417862617117188
bbb_densenet,1003,0,nested_selected_nonlogit,denseblock3,M4_transport,"rank,singular_value,jvp_gain,margin_drop,ce_grad_cos,dlr_grad_cos,transport_projection_energy",80000,400,16821,0.2102625,5,0.9770129986031624,0.9424566947580792
bbb_densenet,1003,0,prespecified_prelogit,penultimate,M0_singular,"rank,singular_value",80000,400,15307,0.1913375,5,0.6943835466803565,0.33780121085789017
bbb_densenet,1003,0,prespecified_prelogit,penultimate,M1_jvp_proxy,"rank,singular_value,jvp_gain",80000,400,15307,0.1913375,5,0.8058547033876302,0.4494835395474711
bbb_densenet,1003,0,prespecified_prelogit,penultimate,M2_margin,"rank,singular_value,jvp_gain,margin_drop",80000,400,15307,0.1913375,5,0.975316810858895,0.9323806412150161
bbb_densenet,1003,0,prespecified_prelogit,penultimate,M3_gradient,"rank,singular_value,jvp_gain,margin_drop,ce_grad_cos,dlr_grad_cos",80000,400,15307,0.1913375,5,0.9753151355341131,0.932288107922836
bbb_densenet,1003,0,prespecified_prelogit,penultimate,M4_transport,"rank,singular_value,jvp_gain,margin_drop,ce_grad_cos,dlr_grad_cos,transport_projection_energy",80000,400,15307,0.1913375,5,0.9806698390989704,0.9442909147887427
bbb_densenet,1003,1,nested_selected_nonlogit,denseblock3,M0_singular,"rank,singular_value",80000,400,16877,0.2109625,5,0.6340782382274107,0.2993423409520455
bbb_densenet,1003,1,nested_selected_nonlogit,denseblock3,M1_jvp_proxy,"rank,singular_value,jvp_gain",80000,400,16877,0.2109625,5,0.7674028861513623,0.4246022445344211
bbb_densenet,1003,1,nested_selected_nonlogit,denseblock3,M2_margin,"rank,singular_value,jvp_gain,margin_drop",80000,400,16877,0.2109625,5,0.9773317920936961,0.9430392044686151
bbb_densenet,1003,1,nested_selected_nonlogit,denseblock3,M3_gradient,"rank,singular_value,jvp_gain,margin_drop,ce_grad_cos,dlr_grad_cos",80000,400,16877,0.2109625,5,0.9773430008600617,0.9430433375840526
bbb_densenet,1003,1,nested_selected_nonlogit,denseblock3,M4_transport,"rank,singular_value,jvp_gain,margin_drop,ce_grad_cos,dlr_grad_cos,transport_projection_energy",80000,400,16877,0.2109625,5,0.9775542205393222,0.9438385487041534
bbb_densenet,1003,1,prespecified_prelogit,penultimate,M0_singular,"rank,singular_value",80000,400,15341,0.1917625,5,0.6932064928624531,0.33674835665326674
bbb_densenet,1003,1,prespecified_prelogit,penultimate,M1_jvp_proxy,"rank,singular_value,jvp_gain",80000,400,15341,0.1917625,5,0.804241994418984,0.44762075333497986
bbb_densenet,1003,1,prespecified_prelogit,penultimate,M2_margin,"rank,singular_value,jvp_gain,margin_drop",80000,400,15341,0.1917625,5,0.9757043323173895,0.9331961910393386
bbb_densenet,1003,1,prespecified_prelogit,penultimate,M3_gradient,"rank,singular_value,jvp_gain,margin_drop,ce_grad_cos,dlr_grad_cos",80000,400,15341,0.1917625,5,0.9757159560779081,0.9331279712698812
bbb_densenet,1003,1,prespecified_prelogit,penultimate,M4_transport,"rank,singular_value,jvp_gain,margin_drop,ce_grad_cos,dlr_grad_cos,transport_projection_energy",80000,400,15341,0.1917625,5,0.9813424802025507,0.9450070190392595
bbb_densenet,1003,2,nested_selected_nonlogit,denseblock3,M0_singular,"rank,singular_value",80000,400,16804,0.21005,5,0.6360951372438683,0.30012985517586355
bbb_densenet,1003,2,nested_selected_nonlogit,denseblock3,M1_jvp_proxy,"rank,singular_value,jvp_gain",80000,400,16804,0.21005,5,0.7673177649373792,0.42324837605532817
bbb_densenet,1003,2,nested_selected_nonlogit,denseblock3,M2_margin,"rank,singular_value,jvp_gain,margin_drop",80000,400,16804,0.21005,5,0.976890739629461,0.942016910973769
bbb_densenet,1003,2,nested_selected_nonlogit,denseblock3,M3_gradient,"rank,singular_value,jvp_gain,margin_drop,ce_grad_cos,dlr_grad_cos",80000,400,16804,0.21005,5,0.9769010245255656,0.9420323163303932
bbb_densenet,1003,2,nested_selected_nonlogit,denseblock3,M4_transport,"rank,singular_value,jvp_gain,margin_drop,ce_grad_cos,dlr_grad_cos,transport_projection_energy",80000,400,16804,0.21005,5,0.9770993934468868,0.9428061310184774
bbb_densenet,1003,2,prespecified_prelogit,penultimate,M0_singular,"rank,singular_value",80000,400,15362,0.192025,5,0.6954472179893607,0.3392879669324806
bbb_densenet,1003,2,prespecified_prelogit,penultimate,M1_jvp_proxy,"rank,singular_value,jvp_gain",80000,400,15362,0.192025,5,0.8067329045481256,0.45109094461081495
bbb_densenet,1003,2,prespecified_prelogit,penultimate,M2_margin,"rank,singular_value,jvp_gain,margin_drop",80000,400,15362,0.192025,5,0.9755881502100051,0.9329801586922288
bbb_densenet,1003,2,prespecified_prelogit,penultimate,M3_gradient,"rank,singular_value,jvp_gain,margin_drop,ce_grad_cos,dlr_grad_cos",80000,400,15362,0.192025,5,0.9756234081098503,0.9329205910682503
bbb_densenet,1003,2,prespecified_prelogit,penultimate,M4_transport,"rank,singular_value,jvp_gain,margin_drop,ce_grad_cos,dlr_grad_cos,transport_projection_energy",80000,400,15362,0.192025,5,0.980888603933354,0.9447697053521701
bbb_densenet,1003,3,nested_selected_nonlogit,denseblock3,M0_singular,"rank,singular_value",80000,400,16799,0.2099875,5,0.6356584347564714,0.29904242913969215
bbb_densenet,1003,3,nested_selected_nonlogit,denseblock3,M1_jvp_proxy,"rank,singular_value,jvp_gain",80000,400,16799,0.2099875,5,0.7688003575246661,0.4248226899552891
bbb_densenet,1003,3,nested_selected_nonlogit,denseblock3,M2_margin,"rank,singular_value,jvp_gain,margin_drop",80000,400,16799,0.2099875,5,0.977290624305171,0.9429612597012194
bbb_densenet,1003,3,nested_selected_nonlogit,denseblock3,M3_gradient,"rank,singular_value,jvp_gain,margin_drop,ce_grad_cos,dlr_grad_cos",80000,400,16799,0.2099875,5,0.9772975329479603,0.9429631831162657
bbb_densenet,1003,3,nested_selected_nonlogit,denseblock3,M4_transport,"rank,singular_value,jvp_gain,margin_drop,ce_grad_cos,dlr_grad_cos,transport_projection_energy",80000,400,16799,0.2099875,5,0.9774281679893978,0.9435384751035715
bbb_densenet,1003,3,prespecified_prelogit,penultimate,M0_singular,"rank,singular_value",80000,400,15265,0.1908125,5,0.6951376155214267,0.3374117127920483
bbb_densenet,1003,3,prespecified_prelogit,penultimate,M1_jvp_proxy,"rank,singular_value,jvp_gain",80000,400,15265,0.1908125,5,0.806374194918126,0.45003395912257016
bbb_densenet,1003,3,prespecified_prelogit,penultimate,M2_margin,"rank,singular_value,jvp_gain,margin_drop",80000,400,15265,0.1908125,5,0.9755121076020807,0.9334846433236598
bbb_densenet,1003,3,prespecified_prelogit,penultimate,M3_gradient,"rank,singular_value,jvp_gain,margin_drop,ce_grad_cos,dlr_grad_cos",80000,400,15265,0.1908125,5,0.9755630325463805,0.9334978029232506
bbb_densenet,1003,3,prespecified_prelogit,penultimate,M4_transport,"rank,singular_value,jvp_gain,margin_drop,ce_grad_cos,dlr_grad_cos,transport_projection_energy",80000,400,15265,0.1908125,5,0.9807686045790605,0.9444891735921679
bbb_densenet,1003,4,nested_selected_nonlogit,denseblock3,M0_singular,"rank,singular_value",80000,400,16748,0.20935,5,0.6373470297428157,0.2997455662200108
bbb_densenet,1003,4,nested_selected_nonlogit,denseblock3,M1_jvp_proxy,"rank,singular_value,jvp_gain",80000,400,16748,0.20935,5,0.7687910713419142,0.42424917653945554
bbb_densenet,1003,4,nested_selected_nonlogit,denseblock3,M2_margin,"rank,singular_value,jvp_gain,margin_drop",80000,400,16748,0.20935,5,0.9773476625492377,0.942958926012858
bbb_densenet,1003,4,nested_selected_nonlogit,denseblock3,M3_gradient,"rank,singular_value,jvp_gain,margin_drop,ce_grad_cos,dlr_grad_cos",80000,400,16748,0.20935,5,0.9773706862210384,0.9429644163809465
bbb_densenet,1003,4,nested_selected_nonlogit,denseblock3,M4_transport,"rank,singular_value,jvp_gain,margin_drop,ce_grad_cos,dlr_grad_cos,transport_projection_energy",80000,400,16748,0.20935,5,0.9775355721487602,0.9436824891132426
bbb_densenet,1003,4,prespecified_prelogit,penultimate,M0_singular,"rank,singular_value",80000,400,15357,0.1919625,5,0.6947259330467249,0.33831104940208684
bbb_densenet,1003,4,prespecified_prelogit,penultimate,M1_jvp_proxy,"rank,singular_value,jvp_gain",80000,400,15357,0.1919625,5,0.805447971031334,0.45023679668575267
bbb_densenet,1003,4,prespecified_prelogit,penultimate,M2_margin,"rank,singular_value,jvp_gain,margin_drop",80000,400,15357,0.1919625,5,0.9751645381933103,0.9322168049341253
bbb_densenet,1003,4,prespecified_prelogit,penultimate,M3_gradient,"rank,singular_value,jvp_gain,margin_drop,ce_grad_cos,dlr_grad_cos",80000,400,15357,0.1919625,5,0.9751893145016307,0.9321744167747179
bbb_densenet,1003,4,prespecified_prelogit,penultimate,M4_transport,"rank,singular_value,jvp_gain,margin_drop,ce_grad_cos,dlr_grad_cos,transport_projection_energy",80000,400,15357,0.1919625,5,0.9806917864606864,0.9443825669026837
bbb_inception_v3,1001,0,nested_selected_nonlogit,mixed6,M0_singular,"rank,singular_value",80000,400,12150,0.151875,5,0.661982538339535,0.2402790414774309
bbb_inception_v3,1001,0,nested_selected_nonlogit,mixed6,M1_jvp_proxy,"rank,singular_value,jvp_gain",80000,400,12150,0.151875,5,0.7775115065610112,0.34465859208919886
bbb_inception_v3,1001,0,nested_selected_nonlogit,mixed6,M2_margin,"rank,singular_value,jvp_gain,margin_drop",80000,400,12150,0.151875,5,0.9909459889431722,0.9662293546030079
bbb_inception_v3,1001,0,nested_selected_nonlogit,mixed6,M3_gradient,"rank,singular_value,jvp_gain,margin_drop,ce_grad_cos,dlr_grad_cos",80000,400,12150,0.151875,5,0.9909367019357029,0.9664116015343328
bbb_inception_v3,1001,0,nested_selected_nonlogit,mixed6,M4_transport,"rank,singular_value,jvp_gain,margin_drop,ce_grad_cos,dlr_grad_cos,transport_projection_energy",80000,400,12150,0.151875,5,0.9908875618269541,0.9675493312004995
bbb_inception_v3,1001,0,prespecified_prelogit,penultimate,M0_singular,"rank,singular_value",80000,400,11329,0.1416125,5,0.7348697792003548,0.33176378188154776
bbb_inception_v3,1001,0,prespecified_prelogit,penultimate,M1_jvp_proxy,"rank,singular_value,jvp_gain",80000,400,11329,0.1416125,5,0.8497737241803294,0.44442870670786816
bbb_inception_v3,1001,0,prespecified_prelogit,penultimate,M2_margin,"rank,singular_value,jvp_gain,margin_drop",80000,400,11329,0.1416125,5,0.989951874456475,0.9607990188509761
bbb_inception_v3,1001,0,prespecified_prelogit,penultimate,M3_gradient,"rank,singular_value,jvp_gain,margin_drop,ce_grad_cos,dlr_grad_cos",80000,400,11329,0.1416125,5,0.9899552447500997,0.960777401326515
bbb_inception_v3,1001,0,prespecified_prelogit,penultimate,M4_transport,"rank,singular_value,jvp_gain,margin_drop,ce_grad_cos,dlr_grad_cos,transport_projection_energy",80000,400,11329,0.1416125,5,0.9913204681753282,0.9656015381262475
bbb_inception_v3,1001,1,nested_selected_nonlogit,mixed6,M0_singular,"rank,singular_value",80000,400,12188,0.15235,5,0.6604597319011144,0.23959037512738823
bbb_inception_v3,1001,1,nested_selected_nonlogit,mixed6,M1_jvp_proxy,"rank,singular_value,jvp_gain",80000,400,12188,0.15235,5,0.7769732971468775,0.34372806575983067
bbb_inception_v3,1001,1,nested_selected_nonlogit,mixed6,M2_margin,"rank,singular_value,jvp_gain,margin_drop",80000,400,12188,0.15235,5,0.9909090601768155,0.9669663154962238
bbb_inception_v3,1001,1,nested_selected_nonlogit,mixed6,M3_gradient,"rank,singular_value,jvp_gain,margin_drop,ce_grad_cos,dlr_grad_cos",80000,400,12188,0.15235,5,0.9909007915008019,0.9673148126029485
bbb_inception_v3,1001,1,nested_selected_nonlogit,mixed6,M4_transport,"rank,singular_value,jvp_gain,margin_drop,ce_grad_cos,dlr_grad_cos,transport_projection_energy",80000,400,12188,0.15235,5,0.9909937578441109,0.9683573287031015
bbb_inception_v3,1001,1,prespecified_prelogit,penultimate,M0_singular,"rank,singular_value",80000,400,11401,0.1425125,5,0.7348281201298613,0.33234833848211537
bbb_inception_v3,1001,1,prespecified_prelogit,penultimate,M1_jvp_proxy,"rank,singular_value,jvp_gain",80000,400,11401,0.1425125,5,0.849898201080247,0.44762818510542046
bbb_inception_v3,1001,1,prespecified_prelogit,penultimate,M2_margin,"rank,singular_value,jvp_gain,margin_drop",80000,400,11401,0.1425125,5,0.9899026297369465,0.9611765423982697
bbb_inception_v3,1001,1,prespecified_prelogit,penultimate,M3_gradient,"rank,singular_value,jvp_gain,margin_drop,ce_grad_cos,dlr_grad_cos",80000,400,11401,0.1425125,5,0.9899037255086756,0.961175483645266
bbb_inception_v3,1001,1,prespecified_prelogit,penultimate,M4_transport,"rank,singular_value,jvp_gain,margin_drop,ce_grad_cos,dlr_grad_cos,transport_projection_energy",80000,400,11401,0.1425125,5,0.9911572973169541,0.9656891990931569
bbb_inception_v3,1001,2,nested_selected_nonlogit,mixed6,M0_singular,"rank,singular_value",80000,400,12140,0.15175,5,0.6641400358621854,0.24140865105424775
bbb_inception_v3,1001,2,nested_selected_nonlogit,mixed6,M1_jvp_proxy,"rank,singular_value,jvp_gain",80000,400,12140,0.15175,5,0.7770945584741529,0.3434349689513503
bbb_inception_v3,1001,2,nested_selected_nonlogit,mixed6,M2_margin,"rank,singular_value,jvp_gain,margin_drop",80000,400,12140,0.15175,5,0.9912720369633965,0.9679043914615257
bbb_inception_v3,1001,2,nested_selected_nonlogit,mixed6,M3_gradient,"rank,singular_value,jvp_gain,margin_drop,ce_grad_cos,dlr_grad_cos",80000,400,12140,0.15175,5,0.9912408469127494,0.968222886025828
bbb_inception_v3,1001,2,nested_selected_nonlogit,mixed6,M4_transport,"rank,singular_value,jvp_gain,margin_drop,ce_grad_cos,dlr_grad_cos,transport_projection_energy",80000,400,12140,0.15175,5,0.9913008879119768,0.9692740782775587
bbb_inception_v3,1001,2,prespecified_prelogit,penultimate,M0_singular,"rank,singular_value",80000,400,11353,0.1419125,5,0.7335773493919366,0.33226314695055453
bbb_inception_v3,1001,2,prespecified_prelogit,penultimate,M1_jvp_proxy,"rank,singular_value,jvp_gain",80000,400,11353,0.1419125,5,0.8496404926298325,0.4460471830809085
bbb_inception_v3,1001,2,prespecified_prelogit,penultimate,M2_margin,"rank,singular_value,jvp_gain,margin_drop",80000,400,11353,0.1419125,5,0.9900821363444166,0.9609472030411088
bbb_inception_v3,1001,2,prespecified_prelogit,penultimate,M3_gradient,"rank,singular_value,jvp_gain,margin_drop,ce_grad_cos,dlr_grad_cos",80000,400,11353,0.1419125,5,0.9900918816526026,0.9609130987825366
bbb_inception_v3,1001,2,prespecified_prelogit,penultimate,M4_transport,"rank,singular_value,jvp_gain,margin_drop,ce_grad_cos,dlr_grad_cos,transport_projection_energy",80000,400,11353,0.1419125,5,0.9916158476859579,0.965708170283855
bbb_inception_v3,1001,3,nested_selected_nonlogit,mixed6,M0_singular,"rank,singular_value",80000,400,12166,0.152075,5,0.660239096698092,0.23899677637355143
bbb_inception_v3,1001,3,nested_selected_nonlogit,mixed6,M1_jvp_proxy,"rank,singular_value,jvp_gain",80000,400,12166,0.152075,5,0.775227860281545,0.34112965217865165
bbb_inception_v3,1001,3,nested_selected_nonlogit,mixed6,M2_margin,"rank,singular_value,jvp_gain,margin_drop",80000,400,12166,0.152075,5,0.9908047059654688,0.966984726885697
bbb_inception_v3,1001,3,nested_selected_nonlogit,mixed6,M3_gradient,"rank,singular_value,jvp_gain,margin_drop,ce_grad_cos,dlr_grad_cos",80000,400,12166,0.152075,5,0.9908075111133172,0.9673191662657438
bbb_inception_v3,1001,3,nested_selected_nonlogit,mixed6,M4_transport,"rank,singular_value,jvp_gain,margin_drop,ce_grad_cos,dlr_grad_cos,transport_projection_energy",80000,400,12166,0.152075,5,0.99069641635298,0.9683494821555707
bbb_inception_v3,1001,3,prespecified_prelogit,penultimate,M0_singular,"rank,singular_value",80000,400,11361,0.1420125,5,0.7345170353214745,0.33255050894280114
bbb_inception_v3,1001,3,prespecified_prelogit,penultimate,M1_jvp_proxy,"rank,singular_value,jvp_gain",80000,400,11361,0.1420125,5,0.8491181483992541,0.44635538287389537
bbb_inception_v3,1001,3,prespecified_prelogit,penultimate,M2_margin,"rank,singular_value,jvp_gain,margin_drop",80000,400,11361,0.1420125,5,0.9899679610618453,0.9612966505566104
bbb_inception_v3,1001,3,prespecified_prelogit,penultimate,M3_gradient,"rank,singular_value,jvp_gain,margin_drop,ce_grad_cos,dlr_grad_cos",80000,400,11361,0.1420125,5,0.9899759322580356,0.9613206867866775
bbb_inception_v3,1001,3,prespecified_prelogit,penultimate,M4_transport,"rank,singular_value,jvp_gain,margin_drop,ce_grad_cos,dlr_grad_cos,transport_projection_energy",80000,400,11361,0.1420125,5,0.9913484809374391,0.9658613373727827
bbb_inception_v3,1001,4,nested_selected_nonlogit,mixed6,M0_singular,"rank,singular_value",80000,400,12260,0.15325,5,0.6610943700387866,0.2403996787712688
bbb_inception_v3,1001,4,nested_selected_nonlogit,mixed6,M1_jvp_proxy,"rank,singular_value,jvp_gain",80000,400,12260,0.15325,5,0.7772368464780652,0.3450502239020946
bbb_inception_v3,1001,4,nested_selected_nonlogit,mixed6,M2_margin,"rank,singular_value,jvp_gain,margin_drop",80000,400,12260,0.15325,5,0.9910699122592813,0.9669809214104647
bbb_inception_v3,1001,4,nested_selected_nonlogit,mixed6,M3_gradient,"rank,singular_value,jvp_gain,margin_drop,ce_grad_cos,dlr_grad_cos",80000,400,12260,0.15325,5,0.9910723638169355,0.967283367106692
bbb_inception_v3,1001,4,nested_selected_nonlogit,mixed6,M4_transport,"rank,singular_value,jvp_gain,margin_drop,ce_grad_cos,dlr_grad_cos,transport_projection_energy",80000,400,12260,0.15325,5,0.9912029068538135,0.9684915075398599
bbb_inception_v3,1001,4,prespecified_prelogit,penultimate,M0_singular,"rank,singular_value",80000,400,11395,0.1424375,5,0.7351498564494027,0.3336268660291798
bbb_inception_v3,1001,4,prespecified_prelogit,penultimate,M1_jvp_proxy,"rank,singular_value,jvp_gain",80000,400,11395,0.1424375,5,0.8502449181662299,0.44864819717077364
bbb_inception_v3,1001,4,prespecified_prelogit,penultimate,M2_margin,"rank,singular_value,jvp_gain,margin_drop",80000,400,11395,0.1424375,5,0.9899040615687307,0.9610085258690539
bbb_inception_v3,1001,4,prespecified_prelogit,penultimate,M3_gradient,"rank,singular_value,jvp_gain,margin_drop,ce_grad_cos,dlr_grad_cos",80000,400,11395,0.1424375,5,0.9899171500854856,0.9609634922958785
bbb_inception_v3,1001,4,prespecified_prelogit,penultimate,M4_transport,"rank,singular_value,jvp_gain,margin_drop,ce_grad_cos,dlr_grad_cos,transport_projection_energy",80000,400,11395,0.1424375,5,0.9912878293967101,0.9656941924976027
bbb_inception_v3,1002,0,nested_selected_nonlogit,mixed7,M0_singular,"rank,singular_value",80000,400,11489,0.1436125,5,0.7543591227514046,0.35171102457068454
bbb_inception_v3,1002,0,nested_selected_nonlogit,mixed7,M1_jvp_proxy,"rank,singular_value,jvp_gain",80000,400,11489,0.1436125,5,0.8466513962173877,0.4544590477201374
bbb_inception_v3,1002,0,nested_selected_nonlogit,mixed7,M2_margin,"rank,singular_value,jvp_gain,margin_drop",80000,400,11489,0.1436125,5,0.9901292883140804,0.9640249167379946
bbb_inception_v3,1002,0,nested_selected_nonlogit,mixed7,M3_gradient,"rank,singular_value,jvp_gain,margin_drop,ce_grad_cos,dlr_grad_cos",80000,400,11489,0.1436125,5,0.9901164720178334,0.9639219126734775
bbb_inception_v3,1002,0,nested_selected_nonlogit,mixed7,M4_transport,"rank,singular_value,jvp_gain,margin_drop,ce_grad_cos,dlr_grad_cos,transport_projection_energy",80000,400,11489,0.1436125,5,0.9910494394357453,0.9671094155540836
bbb_inception_v3,1002,0,prespecified_prelogit,penultimate,M0_singular,"rank,singular_value",80000,400,11527,0.1440875,5,0.7543771045091332,0.35227895385917224
bbb_inception_v3,1002,0,prespecified_prelogit,penultimate,M1_jvp_proxy,"rank,singular_value,jvp_gain",80000,400,11527,0.1440875,5,0.845830970798754,0.454324725917582
bbb_inception_v3,1002,0,prespecified_prelogit,penultimate,M2_margin,"rank,singular_value,jvp_gain,margin_drop",80000,400,11527,0.1440875,5,0.9901586640959981,0.9642563076369702
bbb_inception_v3,1002,0,prespecified_prelogit,penultimate,M3_gradient,"rank,singular_value,jvp_gain,margin_drop,ce_grad_cos,dlr_grad_cos",80000,400,11527,0.1440875,5,0.990143506136049,0.9641658551466797
bbb_inception_v3,1002,0,prespecified_prelogit,penultimate,M4_transport,"rank,singular_value,jvp_gain,margin_drop,ce_grad_cos,dlr_grad_cos,transport_projection_energy",80000,400,11527,0.1440875,5,0.9911662401986967,0.9673898256155691
bbb_inception_v3,1002,1,nested_selected_nonlogit,mixed7,M0_singular,"rank,singular_value",80000,400,11492,0.14365,5,0.7531637053025644,0.3514024684878863
bbb_inception_v3,1002,1,nested_selected_nonlogit,mixed7,M1_jvp_proxy,"rank,singular_value,jvp_gain",80000,400,11492,0.14365,5,0.8470476317754847,0.4539973610050888
bbb_inception_v3,1002,1,nested_selected_nonlogit,mixed7,M2_margin,"rank,singular_value,jvp_gain,margin_drop",80000,400,11492,0.14365,5,0.9903699512300067,0.9641615428201934
bbb_inception_v3,1002,1,nested_selected_nonlogit,mixed7,M3_gradient,"rank,singular_value,jvp_gain,margin_drop,ce_grad_cos,dlr_grad_cos",80000,400,11492,0.14365,5,0.9903584752112202,0.9640612971286405
bbb_inception_v3,1002,1,nested_selected_nonlogit,mixed7,M4_transport,"rank,singular_value,jvp_gain,margin_drop,ce_grad_cos,dlr_grad_cos,transport_projection_energy",80000,400,11492,0.14365,5,0.9915605421353074,0.9675596129392997
bbb_inception_v3,1002,1,prespecified_prelogit,penultimate,M0_singular,"rank,singular_value",80000,400,11488,0.1436,5,0.7536583546066061,0.3515159863149842
bbb_inception_v3,1002,1,prespecified_prelogit,penultimate,M1_jvp_proxy,"rank,singular_value,jvp_gain",80000,400,11488,0.1436,5,0.8465143938349169,0.45319874862376647
bbb_inception_v3,1002,1,prespecified_prelogit,penultimate,M2_margin,"rank,singular_value,jvp_gain,margin_drop",80000,400,11488,0.1436,5,0.9903582350293189,0.9639631037702335
bbb_inception_v3,1002,1,prespecified_prelogit,penultimate,M3_gradient,"rank,singular_value,jvp_gain,margin_drop,ce_grad_cos,dlr_grad_cos",80000,400,11488,0.1436,5,0.9903486513331865,0.9638686710856514
bbb_inception_v3,1002,1,prespecified_prelogit,penultimate,M4_transport,"rank,singular_value,jvp_gain,margin_drop,ce_grad_cos,dlr_grad_cos,transport_projection_energy",80000,400,11488,0.1436,5,0.9915901268622686,0.9673654474502655
bbb_inception_v3,1002,2,nested_selected_nonlogit,mixed7,M0_singular,"rank,singular_value",80000,400,11478,0.143475,5,0.7505324772887835,0.348552243532024
bbb_inception_v3,1002,2,nested_selected_nonlogit,mixed7,M1_jvp_proxy,"rank,singular_value,jvp_gain",80000,400,11478,0.143475,5,0.8460012834961921,0.4518633061791878
bbb_inception_v3,1002,2,nested_selected_nonlogit,mixed7,M2_margin,"rank,singular_value,jvp_gain,margin_drop",80000,400,11478,0.143475,5,0.9901343506197435,0.9638194999100309
bbb_inception_v3,1002,2,nested_selected_nonlogit,mixed7,M3_gradient,"rank,singular_value,jvp_gain,margin_drop,ce_grad_cos,dlr_grad_cos",80000,400,11478,0.143475,5,0.9901147599168257,0.963708419879667
bbb_inception_v3,1002,2,nested_selected_nonlogit,mixed7,M4_transport,"rank,singular_value,jvp_gain,margin_drop,ce_grad_cos,dlr_grad_cos,transport_projection_energy",80000,400,11478,0.143475,5,0.9911946312990804,0.9669696901070655
bbb_inception_v3,1002,2,prespecified_prelogit,penultimate,M0_singular,"rank,singular_value",80000,400,11480,0.1435,5,0.7510749678112243,0.349199750205087
bbb_inception_v3,1002,2,prespecified_prelogit,penultimate,M1_jvp_proxy,"rank,singular_value,jvp_gain",80000,400,11480,0.1435,5,0.8459856630277586,0.452217486956544
bbb_inception_v3,1002,2,prespecified_prelogit,penultimate,M2_margin,"rank,singular_value,jvp_gain,margin_drop",80000,400,11480,0.1435,5,0.9901653450453692,0.9640601833207689
bbb_inception_v3,1002,2,prespecified_prelogit,penultimate,M3_gradient,"rank,singular_value,jvp_gain,margin_drop,ce_grad_cos,dlr_grad_cos",80000,400,11480,0.1435,5,0.990146184333372,0.9639546937347641
bbb_inception_v3,1002,2,prespecified_prelogit,penultimate,M4_transport,"rank,singular_value,jvp_gain,margin_drop,ce_grad_cos,dlr_grad_cos,transport_projection_energy",80000,400,11480,0.1435,5,0.9911718468729597,0.9670209605111661
bbb_inception_v3,1002,3,nested_selected_nonlogit,mixed7,M0_singular,"rank,singular_value",80000,400,11522,0.144025,5,0.7562929643522653,0.3539941901544314
bbb_inception_v3,1002,3,nested_selected_nonlogit,mixed7,M1_jvp_proxy,"rank,singular_value,jvp_gain",80000,400,11522,0.144025,5,0.8462492884505726,0.4550706927001712
bbb_inception_v3,1002,3,nested_selected_nonlogit,mixed7,M2_margin,"rank,singular_value,jvp_gain,margin_drop",80000,400,11522,0.144025,5,0.9899496899073387,0.963945548265654
bbb_inception_v3,1002,3,nested_selected_nonlogit,mixed7,M3_gradient,"rank,singular_value,jvp_gain,margin_drop,ce_grad_cos,dlr_grad_cos",80000,400,11522,0.144025,5,0.9899262223313082,0.9638738368178683
bbb_inception_v3,1002,3,nested_selected_nonlogit,mixed7,M4_transport,"rank,singular_value,jvp_gain,margin_drop,ce_grad_cos,dlr_grad_cos,transport_projection_energy",80000,400,11522,0.144025,5,0.9911443144950447,0.9674115306719557
bbb_inception_v3,1002,3,prespecified_prelogit,penultimate,M0_singular,"rank,singular_value",80000,400,11494,0.143675,5,0.7569011989317396,0.35382212729513646
bbb_inception_v3,1002,3,prespecified_prelogit,penultimate,M1_jvp_proxy,"rank,singular_value,jvp_gain",80000,400,11494,0.143675,5,0.8466918020656444,0.4546976321534478
bbb_inception_v3,1002,3,prespecified_prelogit,penultimate,M2_margin,"rank,singular_value,jvp_gain,margin_drop",80000,400,11494,0.143675,5,0.9898123204656842,0.9634802068882188
bbb_inception_v3,1002,3,prespecified_prelogit,penultimate,M3_gradient,"rank,singular_value,jvp_gain,margin_drop,ce_grad_cos,dlr_grad_cos",80000,400,11494,0.143675,5,0.9897860316789988,0.9634089254141999
bbb_inception_v3,1002,3,prespecified_prelogit,penultimate,M4_transport,"rank,singular_value,jvp_gain,margin_drop,ce_grad_cos,dlr_grad_cos,transport_projection_energy",80000,400,11494,0.143675,5,0.9910731078153028,0.9669634005743857
bbb_inception_v3,1002,4,nested_selected_nonlogit,mixed7,M0_singular,"rank,singular_value",80000,400,11440,0.143,5,0.7536631050542224,0.3506459674415087
bbb_inception_v3,1002,4,nested_selected_nonlogit,mixed7,M1_jvp_proxy,"rank,singular_value,jvp_gain",80000,400,11440,0.143,5,0.8475090370539613,0.45316645508276615
bbb_inception_v3,1002,4,nested_selected_nonlogit,mixed7,M2_margin,"rank,singular_value,jvp_gain,margin_drop",80000,400,11440,0.143,5,0.9902996163332,0.9644825661443093
bbb_inception_v3,1002,4,nested_selected_nonlogit,mixed7,M3_gradient,"rank,singular_value,jvp_gain,margin_drop,ce_grad_cos,dlr_grad_cos",80000,400,11440,0.143,5,0.9902663929200904,0.964358345757035
bbb_inception_v3,1002,4,nested_selected_nonlogit,mixed7,M4_transport,"rank,singular_value,jvp_gain,margin_drop,ce_grad_cos,dlr_grad_cos,transport_projection_energy",80000,400,11440,0.143,5,0.9915010638428083,0.9678239576279604
bbb_inception_v3,1002,4,prespecified_prelogit,penultimate,M0_singular,"rank,singular_value",80000,400,11432,0.1429,5,0.7538715583143281,0.3509470569330084
bbb_inception_v3,1002,4,prespecified_prelogit,penultimate,M1_jvp_proxy,"rank,singular_value,jvp_gain",80000,400,11432,0.1429,5,0.8473480714215322,0.4527402645723697
bbb_inception_v3,1002,4,prespecified_prelogit,penultimate,M2_margin,"rank,singular_value,jvp_gain,margin_drop",80000,400,11432,0.1429,5,0.9903074412234725,0.9645710720935926
bbb_inception_v3,1002,4,prespecified_prelogit,penultimate,M3_gradient,"rank,singular_value,jvp_gain,margin_drop,ce_grad_cos,dlr_grad_cos",80000,400,11432,0.1429,5,0.9902794250760473,0.9644371764529767
bbb_inception_v3,1002,4,prespecified_prelogit,penultimate,M4_transport,"rank,singular_value,jvp_gain,margin_drop,ce_grad_cos,dlr_grad_cos,transport_projection_energy",80000,400,11432,0.1429,5,0.9915430884239569,0.9679172172634867
bbb_inception_v3,1003,0,nested_selected_nonlogit,mixed6,M0_singular,"rank,singular_value",80000,400,13060,0.16325,5,0.6585954668554179,0.25166338686837997
bbb_inception_v3,1003,0,nested_selected_nonlogit,mixed6,M1_jvp_proxy,"rank,singular_value,jvp_gain",80000,400,13060,0.16325,5,0.7741843487642472,0.36028650255181155
bbb_inception_v3,1003,0,nested_selected_nonlogit,mixed6,M2_margin,"rank,singular_value,jvp_gain,margin_drop",80000,400,13060,0.16325,5,0.9900926454217647,0.9675706782656778
bbb_inception_v3,1003,0,nested_selected_nonlogit,mixed6,M3_gradient,"rank,singular_value,jvp_gain,margin_drop,ce_grad_cos,dlr_grad_cos",80000,400,13060,0.16325,5,0.9901659070704445,0.9679123305686472
bbb_inception_v3,1003,0,nested_selected_nonlogit,mixed6,M4_transport,"rank,singular_value,jvp_gain,margin_drop,ce_grad_cos,dlr_grad_cos,transport_projection_energy",80000,400,13060,0.16325,5,0.9898882579128483,0.968583618876006
bbb_inception_v3,1003,0,prespecified_prelogit,penultimate,M0_singular,"rank,singular_value",80000,400,12323,0.1540375,5,0.7178771135676109,0.3419392814350352
bbb_inception_v3,1003,0,prespecified_prelogit,penultimate,M1_jvp_proxy,"rank,singular_value,jvp_gain",80000,400,12323,0.1540375,5,0.8454091321171683,0.4616476195081587
bbb_inception_v3,1003,0,prespecified_prelogit,penultimate,M2_margin,"rank,singular_value,jvp_gain,margin_drop",80000,400,12323,0.1540375,5,0.9894154942033632,0.9639085581937831
bbb_inception_v3,1003,0,prespecified_prelogit,penultimate,M3_gradient,"rank,singular_value,jvp_gain,margin_drop,ce_grad_cos,dlr_grad_cos",80000,400,12323,0.1540375,5,0.9894496171736197,0.9636956422979412
bbb_inception_v3,1003,0,prespecified_prelogit,penultimate,M4_transport,"rank,singular_value,jvp_gain,margin_drop,ce_grad_cos,dlr_grad_cos,transport_projection_energy",80000,400,12323,0.1540375,5,0.9915067389850609,0.967335599002578
bbb_inception_v3,1003,1,nested_selected_nonlogit,mixed6,M0_singular,"rank,singular_value",80000,400,13102,0.163775,5,0.6566378283597711,0.25104802228168427
bbb_inception_v3,1003,1,nested_selected_nonlogit,mixed6,M1_jvp_proxy,"rank,singular_value,jvp_gain",80000,400,13102,0.163775,5,0.7735113149129504,0.3605469900268455
bbb_inception_v3,1003,1,nested_selected_nonlogit,mixed6,M2_margin,"rank,singular_value,jvp_gain,margin_drop",80000,400,13102,0.163775,5,0.9898306326900639,0.9664633370563345
bbb_inception_v3,1003,1,nested_selected_nonlogit,mixed6,M3_gradient,"rank,singular_value,jvp_gain,margin_drop,ce_grad_cos,dlr_grad_cos",80000,400,13102,0.163775,5,0.9899686205186122,0.9669691089779328
bbb_inception_v3,1003,1,nested_selected_nonlogit,mixed6,M4_transport,"rank,singular_value,jvp_gain,margin_drop,ce_grad_cos,dlr_grad_cos,transport_projection_energy",80000,400,13102,0.163775,5,0.9896955758450252,0.96774419130688
bbb_inception_v3,1003,1,prespecified_prelogit,penultimate,M0_singular,"rank,singular_value",80000,400,12284,0.15355,5,0.7133630190594892,0.34011778143765825
bbb_inception_v3,1003,1,prespecified_prelogit,penultimate,M1_jvp_proxy,"rank,singular_value,jvp_gain",80000,400,12284,0.15355,5,0.845802128630812,0.4613395539498182
bbb_inception_v3,1003,1,prespecified_prelogit,penultimate,M2_margin,"rank,singular_value,jvp_gain,margin_drop",80000,400,12284,0.15355,5,0.988384144218006,0.9616051837010289
bbb_inception_v3,1003,1,prespecified_prelogit,penultimate,M3_gradient,"rank,singular_value,jvp_gain,margin_drop,ce_grad_cos,dlr_grad_cos",80000,400,12284,0.15355,5,0.9884291297311801,0.9614573962861664
bbb_inception_v3,1003,1,prespecified_prelogit,penultimate,M4_transport,"rank,singular_value,jvp_gain,margin_drop,ce_grad_cos,dlr_grad_cos,transport_projection_energy",80000,400,12284,0.15355,5,0.9904608868490711,0.9653104862420794
bbb_inception_v3,1003,2,nested_selected_nonlogit,mixed6,M0_singular,"rank,singular_value",80000,400,13194,0.164925,5,0.6578236728529778,0.2524287133455145
bbb_inception_v3,1003,2,nested_selected_nonlogit,mixed6,M1_jvp_proxy,"rank,singular_value,jvp_gain",80000,400,13194,0.164925,5,0.7755676833689531,0.3644918660177079
bbb_inception_v3,1003,2,nested_selected_nonlogit,mixed6,M2_margin,"rank,singular_value,jvp_gain,margin_drop",80000,400,13194,0.164925,5,0.9895879639747561,0.9659445106284044
bbb_inception_v3,1003,2,nested_selected_nonlogit,mixed6,M3_gradient,"rank,singular_value,jvp_gain,margin_drop,ce_grad_cos,dlr_grad_cos",80000,400,13194,0.164925,5,0.9896504504766485,0.9664236748315969
bbb_inception_v3,1003,2,nested_selected_nonlogit,mixed6,M4_transport,"rank,singular_value,jvp_gain,margin_drop,ce_grad_cos,dlr_grad_cos,transport_projection_energy",80000,400,13194,0.164925,5,0.9896434675720559,0.9674554915686204
bbb_inception_v3,1003,2,prespecified_prelogit,penultimate,M0_singular,"rank,singular_value",80000,400,12393,0.1549125,5,0.7229625986272152,0.3449129383975321
bbb_inception_v3,1003,2,prespecified_prelogit,penultimate,M1_jvp_proxy,"rank,singular_value,jvp_gain",80000,400,12393,0.1549125,5,0.8451598356954388,0.4640425106782281
bbb_inception_v3,1003,2,prespecified_prelogit,penultimate,M2_margin,"rank,singular_value,jvp_gain,margin_drop",80000,400,12393,0.1549125,5,0.9887386262327842,0.9628256300396354
bbb_inception_v3,1003,2,prespecified_prelogit,penultimate,M3_gradient,"rank,singular_value,jvp_gain,margin_drop,ce_grad_cos,dlr_grad_cos",80000,400,12393,0.1549125,5,0.9887986999771038,0.9626992195575068
bbb_inception_v3,1003,2,prespecified_prelogit,penultimate,M4_transport,"rank,singular_value,jvp_gain,margin_drop,ce_grad_cos,dlr_grad_cos,transport_projection_energy",80000,400,12393,0.1549125,5,0.9909284170354968,0.9667196058126835
bbb_inception_v3,1003,3,nested_selected_nonlogit,mixed6,M0_singular,"rank,singular_value",80000,400,13156,0.16445,5,0.6575564168057266,0.2520790992764066
bbb_inception_v3,1003,3,nested_selected_nonlogit,mixed6,M1_jvp_proxy,"rank,singular_value,jvp_gain",80000,400,13156,0.16445,5,0.774314896713447,0.36213617271326776
bbb_inception_v3,1003,3,nested_selected_nonlogit,mixed6,M2_margin,"rank,singular_value,jvp_gain,margin_drop",80000,400,13156,0.16445,5,0.989474497911566,0.9662349106694452
bbb_inception_v3,1003,3,nested_selected_nonlogit,mixed6,M3_gradient,"rank,singular_value,jvp_gain,margin_drop,ce_grad_cos,dlr_grad_cos",80000,400,13156,0.16445,5,0.9895323839923597,0.966556792913521
bbb_inception_v3,1003,3,nested_selected_nonlogit,mixed6,M4_transport,"rank,singular_value,jvp_gain,margin_drop,ce_grad_cos,dlr_grad_cos,transport_projection_energy",80000,400,13156,0.16445,5,0.9892084550534919,0.967236215608348
bbb_inception_v3,1003,3,prespecified_prelogit,penultimate,M0_singular,"rank,singular_value",80000,400,12284,0.15355,5,0.7235153790057616,0.34346468606236524
bbb_inception_v3,1003,3,prespecified_prelogit,penultimate,M1_jvp_proxy,"rank,singular_value,jvp_gain",80000,400,12284,0.15355,5,0.8455000693031764,0.46142143699236526
bbb_inception_v3,1003,3,prespecified_prelogit,penultimate,M2_margin,"rank,singular_value,jvp_gain,margin_drop",80000,400,12284,0.15355,5,0.9882966869465496,0.9615660766196057
bbb_inception_v3,1003,3,prespecified_prelogit,penultimate,M3_gradient,"rank,singular_value,jvp_gain,margin_drop,ce_grad_cos,dlr_grad_cos",80000,400,12284,0.15355,5,0.9883397405591445,0.9614427814821316
bbb_inception_v3,1003,3,prespecified_prelogit,penultimate,M4_transport,"rank,singular_value,jvp_gain,margin_drop,ce_grad_cos,dlr_grad_cos,transport_projection_energy",80000,400,12284,0.15355,5,0.9905600365069822,0.9654222365406395
bbb_inception_v3,1003,4,nested_selected_nonlogit,mixed6,M0_singular,"rank,singular_value",80000,400,13141,0.1642625,5,0.6563163718376768,0.2525267503143195
bbb_inception_v3,1003,4,nested_selected_nonlogit,mixed6,M1_jvp_proxy,"rank,singular_value,jvp_gain",80000,400,13141,0.1642625,5,0.7717928288340842,0.3613560539770935
bbb_inception_v3,1003,4,nested_selected_nonlogit,mixed6,M2_margin,"rank,singular_value,jvp_gain,margin_drop",80000,400,13141,0.1642625,5,0.9891296142399969,0.9657484379036143
bbb_inception_v3,1003,4,nested_selected_nonlogit,mixed6,M3_gradient,"rank,singular_value,jvp_gain,margin_drop,ce_grad_cos,dlr_grad_cos",80000,400,13141,0.1642625,5,0.9892213995117808,0.96624905826533
bbb_inception_v3,1003,4,nested_selected_nonlogit,mixed6,M4_transport,"rank,singular_value,jvp_gain,margin_drop,ce_grad_cos,dlr_grad_cos,transport_projection_energy",80000,400,13141,0.1642625,5,0.9889571808071709,0.966901640350077
bbb_inception_v3,1003,4,prespecified_prelogit,penultimate,M0_singular,"rank,singular_value",80000,400,12300,0.15375,5,0.7201101583984821,0.34212303929609655
bbb_inception_v3,1003,4,prespecified_prelogit,penultimate,M1_jvp_proxy,"rank,singular_value,jvp_gain",80000,400,12300,0.15375,5,0.8450349137154591,0.4610292028068728
bbb_inception_v3,1003,4,prespecified_prelogit,penultimate,M2_margin,"rank,singular_value,jvp_gain,margin_drop",80000,400,12300,0.15375,5,0.989058767157834,0.9632908282000332
bbb_inception_v3,1003,4,prespecified_prelogit,penultimate,M3_gradient,"rank,singular_value,jvp_gain,margin_drop,ce_grad_cos,dlr_grad_cos",80000,400,12300,0.15375,5,0.9890928990885182,0.9631177048924402
bbb_inception_v3,1003,4,prespecified_prelogit,penultimate,M4_transport,"rank,singular_value,jvp_gain,margin_drop,ce_grad_cos,dlr_grad_cos,transport_projection_energy",80000,400,12300,0.15375,5,0.9913079211250014,0.9671211058771632
bbb_resnet50,1001,0,nested_selected_nonlogit,avgpool,M0_singular,"rank,singular_value",80000,400,13095,0.1636875,5,0.7328785987574377,0.35933320936028434
bbb_resnet50,1001,0,nested_selected_nonlogit,avgpool,M1_jvp_proxy,"rank,singular_value,jvp_gain",80000,400,13095,0.1636875,5,0.8288143580856514,0.4597999814575462
bbb_resnet50,1001,0,nested_selected_nonlogit,avgpool,M2_margin,"rank,singular_value,jvp_gain,margin_drop",80000,400,13095,0.1636875,5,0.9766362881564388,0.9227613849923462
bbb_resnet50,1001,0,nested_selected_nonlogit,avgpool,M3_gradient,"rank,singular_value,jvp_gain,margin_drop,ce_grad_cos,dlr_grad_cos",80000,400,13095,0.1636875,5,0.9766256172556536,0.9226908854078212
bbb_resnet50,1001,0,nested_selected_nonlogit,avgpool,M4_transport,"rank,singular_value,jvp_gain,margin_drop,ce_grad_cos,dlr_grad_cos,transport_projection_energy",80000,400,13095,0.1636875,5,0.9807879305708896,0.931832330313233
bbb_resnet50,1001,1,nested_selected_nonlogit,avgpool,M0_singular,"rank,singular_value",80000,400,13058,0.163225,5,0.7338004975276887,0.35821221938683884
bbb_resnet50,1001,1,nested_selected_nonlogit,avgpool,M1_jvp_proxy,"rank,singular_value,jvp_gain",80000,400,13058,0.163225,5,0.8287538997864383,0.4584249168260705
bbb_resnet50,1001,1,nested_selected_nonlogit,avgpool,M2_margin,"rank,singular_value,jvp_gain,margin_drop",80000,400,13058,0.163225,5,0.9761975947896988,0.9217853914554721
bbb_resnet50,1001,1,nested_selected_nonlogit,avgpool,M3_gradient,"rank,singular_value,jvp_gain,margin_drop,ce_grad_cos,dlr_grad_cos",80000,400,13058,0.163225,5,0.976193363147069,0.9217614594857257
bbb_resnet50,1001,1,nested_selected_nonlogit,avgpool,M4_transport,"rank,singular_value,jvp_gain,margin_drop,ce_grad_cos,dlr_grad_cos,transport_projection_energy",80000,400,13058,0.163225,5,0.9804910178002679,0.9306457707174558
bbb_resnet50,1001,2,nested_selected_nonlogit,avgpool,M0_singular,"rank,singular_value",80000,400,13030,0.162875,5,0.7341315242813273,0.3563111431262526
bbb_resnet50,1001,2,nested_selected_nonlogit,avgpool,M1_jvp_proxy,"rank,singular_value,jvp_gain",80000,400,13030,0.162875,5,0.829466326143904,0.45663653273238186
bbb_resnet50,1001,2,nested_selected_nonlogit,avgpool,M2_margin,"rank,singular_value,jvp_gain,margin_drop",80000,400,13030,0.162875,5,0.9762630522297758,0.9222329923354978
bbb_resnet50,1001,2,nested_selected_nonlogit,avgpool,M3_gradient,"rank,singular_value,jvp_gain,margin_drop,ce_grad_cos,dlr_grad_cos",80000,400,13030,0.162875,5,0.9762508051909475,0.9221617358039795
bbb_resnet50,1001,2,nested_selected_nonlogit,avgpool,M4_transport,"rank,singular_value,jvp_gain,margin_drop,ce_grad_cos,dlr_grad_cos,transport_projection_energy",80000,400,13030,0.162875,5,0.9809129630557021,0.9318398684839814
bbb_resnet50,1001,3,nested_selected_nonlogit,avgpool,M0_singular,"rank,singular_value",80000,400,13067,0.1633375,5,0.7334287230099741,0.358016348015714
bbb_resnet50,1001,3,nested_selected_nonlogit,avgpool,M1_jvp_proxy,"rank,singular_value,jvp_gain",80000,400,13067,0.1633375,5,0.8298935534052139,0.4589102341955852
bbb_resnet50,1001,3,nested_selected_nonlogit,avgpool,M2_margin,"rank,singular_value,jvp_gain,margin_drop",80000,400,13067,0.1633375,5,0.9763555779325253,0.922419595328901
bbb_resnet50,1001,3,nested_selected_nonlogit,avgpool,M3_gradient,"rank,singular_value,jvp_gain,margin_drop,ce_grad_cos,dlr_grad_cos",80000,400,13067,0.1633375,5,0.9763541041386908,0.9223769535305599
bbb_resnet50,1001,3,nested_selected_nonlogit,avgpool,M4_transport,"rank,singular_value,jvp_gain,margin_drop,ce_grad_cos,dlr_grad_cos,transport_projection_energy",80000,400,13067,0.1633375,5,0.9804385448145678,0.9316602939065793
bbb_resnet50,1001,4,nested_selected_nonlogit,avgpool,M0_singular,"rank,singular_value",80000,400,13077,0.1634625,5,0.734670501053982,0.3588354237040473
bbb_resnet50,1001,4,nested_selected_nonlogit,avgpool,M1_jvp_proxy,"rank,singular_value,jvp_gain",80000,400,13077,0.1634625,5,0.8300127870005349,0.4586262950497034
bbb_resnet50,1001,4,nested_selected_nonlogit,avgpool,M2_margin,"rank,singular_value,jvp_gain,margin_drop",80000,400,13077,0.1634625,5,0.9766965403204765,0.9230404928186939
bbb_resnet50,1001,4,nested_selected_nonlogit,avgpool,M3_gradient,"rank,singular_value,jvp_gain,margin_drop,ce_grad_cos,dlr_grad_cos",80000,400,13077,0.1634625,5,0.9766833426141774,0.9229687171635305
bbb_resnet50,1001,4,nested_selected_nonlogit,avgpool,M4_transport,"rank,singular_value,jvp_gain,margin_drop,ce_grad_cos,dlr_grad_cos,transport_projection_energy",80000,400,13077,0.1634625,5,0.9809988543122581,0.9321251501665017
bbb_resnet50,1002,0,nested_selected_nonlogit,avgpool,M0_singular,"rank,singular_value",80000,400,13389,0.1673625,5,0.714741615993697,0.3465744125214998
bbb_resnet50,1002,0,nested_selected_nonlogit,avgpool,M1_jvp_proxy,"rank,singular_value,jvp_gain",80000,400,13389,0.1673625,5,0.8167122959053288,0.44616277381412767
bbb_resnet50,1002,0,nested_selected_nonlogit,avgpool,M2_margin,"rank,singular_value,jvp_gain,margin_drop",80000,400,13389,0.1673625,5,0.9757074515499626,0.9254495631967179
bbb_resnet50,1002,0,nested_selected_nonlogit,avgpool,M3_gradient,"rank,singular_value,jvp_gain,margin_drop,ce_grad_cos,dlr_grad_cos",80000,400,13389,0.1673625,5,0.9757190005166749,0.9252689081612733
bbb_resnet50,1002,0,nested_selected_nonlogit,avgpool,M4_transport,"rank,singular_value,jvp_gain,margin_drop,ce_grad_cos,dlr_grad_cos,transport_projection_energy",80000,400,13389,0.1673625,5,0.9810484696689021,0.9363110184388739
bbb_resnet50,1002,1,nested_selected_nonlogit,avgpool,M0_singular,"rank,singular_value",80000,400,13489,0.1686125,5,0.7164704243389708,0.3493678380725194
bbb_resnet50,1002,1,nested_selected_nonlogit,avgpool,M1_jvp_proxy,"rank,singular_value,jvp_gain",80000,400,13489,0.1686125,5,0.8178592073281384,0.4503493956272758
bbb_resnet50,1002,1,nested_selected_nonlogit,avgpool,M2_margin,"rank,singular_value,jvp_gain,margin_drop",80000,400,13489,0.1686125,5,0.9760011994379476,0.9263991643896344
bbb_resnet50,1002,1,nested_selected_nonlogit,avgpool,M3_gradient,"rank,singular_value,jvp_gain,margin_drop,ce_grad_cos,dlr_grad_cos",80000,400,13489,0.1686125,5,0.976006630980411,0.9261881869855375
bbb_resnet50,1002,1,nested_selected_nonlogit,avgpool,M4_transport,"rank,singular_value,jvp_gain,margin_drop,ce_grad_cos,dlr_grad_cos,transport_projection_energy",80000,400,13489,0.1686125,5,0.9811220315902902,0.9367547188281279
bbb_resnet50,1002,2,nested_selected_nonlogit,avgpool,M0_singular,"rank,singular_value",80000,400,13426,0.167825,5,0.7177904391230131,0.3500424985875837
bbb_resnet50,1002,2,nested_selected_nonlogit,avgpool,M1_jvp_proxy,"rank,singular_value,jvp_gain",80000,400,13426,0.167825,5,0.8191416979776177,0.45139887906742737
bbb_resnet50,1002,2,nested_selected_nonlogit,avgpool,M2_margin,"rank,singular_value,jvp_gain,margin_drop",80000,400,13426,0.167825,5,0.9754934727959483,0.9249149458149526
bbb_resnet50,1002,2,nested_selected_nonlogit,avgpool,M3_gradient,"rank,singular_value,jvp_gain,margin_drop,ce_grad_cos,dlr_grad_cos",80000,400,13426,0.167825,5,0.9754968470675952,0.924659145888996
bbb_resnet50,1002,2,nested_selected_nonlogit,avgpool,M4_transport,"rank,singular_value,jvp_gain,margin_drop,ce_grad_cos,dlr_grad_cos,transport_projection_energy",80000,400,13426,0.167825,5,0.9805711508339657,0.9352340408094619
bbb_resnet50,1002,3,nested_selected_nonlogit,avgpool,M0_singular,"rank,singular_value",80000,400,13455,0.1681875,5,0.7170009598621163,0.3503566901653166
bbb_resnet50,1002,3,nested_selected_nonlogit,avgpool,M1_jvp_proxy,"rank,singular_value,jvp_gain",80000,400,13455,0.1681875,5,0.8183409912611139,0.4503136111810031
bbb_resnet50,1002,3,nested_selected_nonlogit,avgpool,M2_margin,"rank,singular_value,jvp_gain,margin_drop",80000,400,13455,0.1681875,5,0.9767773645096283,0.9274643759713024
bbb_resnet50,1002,3,nested_selected_nonlogit,avgpool,M3_gradient,"rank,singular_value,jvp_gain,margin_drop,ce_grad_cos,dlr_grad_cos",80000,400,13455,0.1681875,5,0.9767891396223973,0.9272718656224109
bbb_resnet50,1002,3,nested_selected_nonlogit,avgpool,M4_transport,"rank,singular_value,jvp_gain,margin_drop,ce_grad_cos,dlr_grad_cos,transport_projection_energy",80000,400,13455,0.1681875,5,0.9817389813332409,0.9376904143399709
bbb_resnet50,1002,4,nested_selected_nonlogit,avgpool,M0_singular,"rank,singular_value",80000,400,13432,0.1679,5,0.7173106683299264,0.3498996699779059
bbb_resnet50,1002,4,nested_selected_nonlogit,avgpool,M1_jvp_proxy,"rank,singular_value,jvp_gain",80000,400,13432,0.1679,5,0.8191767405694913,0.4509531280662964
bbb_resnet50,1002,4,nested_selected_nonlogit,avgpool,M2_margin,"rank,singular_value,jvp_gain,margin_drop",80000,400,13432,0.1679,5,0.9760297223959356,0.9254196854175007
bbb_resnet50,1002,4,nested_selected_nonlogit,avgpool,M3_gradient,"rank,singular_value,jvp_gain,margin_drop,ce_grad_cos,dlr_grad_cos",80000,400,13432,0.1679,5,0.9760320397028579,0.9252157678172925
bbb_resnet50,1002,4,nested_selected_nonlogit,avgpool,M4_transport,"rank,singular_value,jvp_gain,margin_drop,ce_grad_cos,dlr_grad_cos,transport_projection_energy",80000,400,13432,0.1679,5,0.9809410217920617,0.9354485215552644
bbb_resnet50,1003,0,nested_selected_nonlogit,avgpool,M0_singular,"rank,singular_value",80000,400,12769,0.1596125,5,0.7257355053572068,0.3574795771134512
bbb_resnet50,1003,0,nested_selected_nonlogit,avgpool,M1_jvp_proxy,"rank,singular_value,jvp_gain",80000,400,12769,0.1596125,5,0.8248751961680166,0.4532666113659361
bbb_resnet50,1003,0,nested_selected_nonlogit,avgpool,M2_margin,"rank,singular_value,jvp_gain,margin_drop",80000,400,12769,0.1596125,5,0.977019393392688,0.9278224396594889
bbb_resnet50,1003,0,nested_selected_nonlogit,avgpool,M3_gradient,"rank,singular_value,jvp_gain,margin_drop,ce_grad_cos,dlr_grad_cos",80000,400,12769,0.1596125,5,0.9770305993409769,0.9277953550713712
bbb_resnet50,1003,0,nested_selected_nonlogit,avgpool,M4_transport,"rank,singular_value,jvp_gain,margin_drop,ce_grad_cos,dlr_grad_cos,transport_projection_energy",80000,400,12769,0.1596125,5,0.9811023214218013,0.9360205196359355
bbb_resnet50,1003,1,nested_selected_nonlogit,avgpool,M0_singular,"rank,singular_value",80000,400,12719,0.1589875,5,0.7279393396767568,0.35985188151265446
bbb_resnet50,1003,1,nested_selected_nonlogit,avgpool,M1_jvp_proxy,"rank,singular_value,jvp_gain",80000,400,12719,0.1589875,5,0.8263432185828459,0.4558772362979349
bbb_resnet50,1003,1,nested_selected_nonlogit,avgpool,M2_margin,"rank,singular_value,jvp_gain,margin_drop",80000,400,12719,0.1589875,5,0.9771133008851697,0.927490779335338
bbb_resnet50,1003,1,nested_selected_nonlogit,avgpool,M3_gradient,"rank,singular_value,jvp_gain,margin_drop,ce_grad_cos,dlr_grad_cos",80000,400,12719,0.1589875,5,0.977127359946378,0.9274621496935762
bbb_resnet50,1003,1,nested_selected_nonlogit,avgpool,M4_transport,"rank,singular_value,jvp_gain,margin_drop,ce_grad_cos,dlr_grad_cos,transport_projection_energy",80000,400,12719,0.1589875,5,0.9813810842762378,0.9358372074959379
bbb_resnet50,1003,2,nested_selected_nonlogit,avgpool,M0_singular,"rank,singular_value",80000,400,12739,0.1592375,5,0.7275871781340797,0.36000778146892687
bbb_resnet50,1003,2,nested_selected_nonlogit,avgpool,M1_jvp_proxy,"rank,singular_value,jvp_gain",80000,400,12739,0.1592375,5,0.8254629561025745,0.4554890762629239
bbb_resnet50,1003,2,nested_selected_nonlogit,avgpool,M2_margin,"rank,singular_value,jvp_gain,margin_drop",80000,400,12739,0.1592375,5,0.9767293772968223,0.9268515384636962
bbb_resnet50,1003,2,nested_selected_nonlogit,avgpool,M3_gradient,"rank,singular_value,jvp_gain,margin_drop,ce_grad_cos,dlr_grad_cos",80000,400,12739,0.1592375,5,0.9767330431011443,0.9267378066066898
bbb_resnet50,1003,2,nested_selected_nonlogit,avgpool,M4_transport,"rank,singular_value,jvp_gain,margin_drop,ce_grad_cos,dlr_grad_cos,transport_projection_energy",80000,400,12739,0.1592375,5,0.9807411840624285,0.9350308368173648
bbb_resnet50,1003,3,nested_selected_nonlogit,avgpool,M0_singular,"rank,singular_value",80000,400,12777,0.1597125,5,0.7277123548621643,0.36044872932148425
bbb_resnet50,1003,3,nested_selected_nonlogit,avgpool,M1_jvp_proxy,"rank,singular_value,jvp_gain",80000,400,12777,0.1597125,5,0.8261551721627326,0.4565809950545487
bbb_resnet50,1003,3,nested_selected_nonlogit,avgpool,M2_margin,"rank,singular_value,jvp_gain,margin_drop",80000,400,12777,0.1597125,5,0.9774976168555257,0.9296610448284202
bbb_resnet50,1003,3,nested_selected_nonlogit,avgpool,M3_gradient,"rank,singular_value,jvp_gain,margin_drop,ce_grad_cos,dlr_grad_cos",80000,400,12777,0.1597125,5,0.9775072162508026,0.9296442726824041
bbb_resnet50,1003,3,nested_selected_nonlogit,avgpool,M4_transport,"rank,singular_value,jvp_gain,margin_drop,ce_grad_cos,dlr_grad_cos,transport_projection_energy",80000,400,12777,0.1597125,5,0.981730258597079,0.9380068556567984
bbb_resnet50,1003,4,nested_selected_nonlogit,avgpool,M0_singular,"rank,singular_value",80000,400,12817,0.1602125,5,0.7260221180543335,0.3588876688090451
bbb_resnet50,1003,4,nested_selected_nonlogit,avgpool,M1_jvp_proxy,"rank,singular_value,jvp_gain",80000,400,12817,0.1602125,5,0.8251047015987958,0.4550913591195472
bbb_resnet50,1003,4,nested_selected_nonlogit,avgpool,M2_margin,"rank,singular_value,jvp_gain,margin_drop",80000,400,12817,0.1602125,5,0.9776384271764005,0.9291592808395149
bbb_resnet50,1003,4,nested_selected_nonlogit,avgpool,M3_gradient,"rank,singular_value,jvp_gain,margin_drop,ce_grad_cos,dlr_grad_cos",80000,400,12817,0.1602125,5,0.977658077976971,0.9291378274586237
bbb_resnet50,1003,4,nested_selected_nonlogit,avgpool,M4_transport,"rank,singular_value,jvp_gain,margin_drop,ce_grad_cos,dlr_grad_cos,transport_projection_energy",80000,400,12817,0.1602125,5,0.9813322156017739,0.9367447953925919
bbb_vgg19_bn,1001,0,nested_selected_nonlogit,block5,M0_singular,"rank,singular_value",80000,400,9667,0.1208375,5,0.6519308585938334,0.27063448935391926
bbb_vgg19_bn,1001,0,nested_selected_nonlogit,block5,M1_jvp_proxy,"rank,singular_value,jvp_gain",80000,400,9667,0.1208375,5,0.6678174555304643,0.31049760230427215
bbb_vgg19_bn,1001,0,nested_selected_nonlogit,block5,M2_margin,"rank,singular_value,jvp_gain,margin_drop",80000,400,9667,0.1208375,5,0.9883638594159094,0.9486581753116583
bbb_vgg19_bn,1001,0,nested_selected_nonlogit,block5,M3_gradient,"rank,singular_value,jvp_gain,margin_drop,ce_grad_cos,dlr_grad_cos",80000,400,9667,0.1208375,5,0.9883883244506191,0.9487635986727341
bbb_vgg19_bn,1001,0,nested_selected_nonlogit,block5,M4_transport,"rank,singular_value,jvp_gain,margin_drop,ce_grad_cos,dlr_grad_cos,transport_projection_energy",80000,400,9667,0.1208375,5,0.9884944709911381,0.9508505497065631
bbb_vgg19_bn,1001,0,prespecified_prelogit,penultimate,M0_singular,"rank,singular_value",80000,400,9657,0.1207125,5,0.6532047914257844,0.27338085561526915
bbb_vgg19_bn,1001,0,prespecified_prelogit,penultimate,M1_jvp_proxy,"rank,singular_value,jvp_gain",80000,400,9657,0.1207125,5,0.6683998632296799,0.31331644773900214
bbb_vgg19_bn,1001,0,prespecified_prelogit,penultimate,M2_margin,"rank,singular_value,jvp_gain,margin_drop",80000,400,9657,0.1207125,5,0.9878895443422364,0.9487907328237486
bbb_vgg19_bn,1001,0,prespecified_prelogit,penultimate,M3_gradient,"rank,singular_value,jvp_gain,margin_drop,ce_grad_cos,dlr_grad_cos",80000,400,9657,0.1207125,5,0.987933614556267,0.9488913717770009
bbb_vgg19_bn,1001,0,prespecified_prelogit,penultimate,M4_transport,"rank,singular_value,jvp_gain,margin_drop,ce_grad_cos,dlr_grad_cos,transport_projection_energy",80000,400,9657,0.1207125,5,0.9884161522650169,0.9518076793175809
bbb_vgg19_bn,1001,1,nested_selected_nonlogit,block5,M0_singular,"rank,singular_value",80000,400,9683,0.1210375,5,0.652125292840542,0.27002130732454965
bbb_vgg19_bn,1001,1,nested_selected_nonlogit,block5,M1_jvp_proxy,"rank,singular_value,jvp_gain",80000,400,9683,0.1210375,5,0.6699340736954559,0.31052085336631535
bbb_vgg19_bn,1001,1,nested_selected_nonlogit,block5,M2_margin,"rank,singular_value,jvp_gain,margin_drop",80000,400,9683,0.1210375,5,0.9879959275202804,0.9474025122176661
bbb_vgg19_bn,1001,1,nested_selected_nonlogit,block5,M3_gradient,"rank,singular_value,jvp_gain,margin_drop,ce_grad_cos,dlr_grad_cos",80000,400,9683,0.1210375,5,0.9880162908882127,0.9474649341383112
bbb_vgg19_bn,1001,1,nested_selected_nonlogit,block5,M4_transport,"rank,singular_value,jvp_gain,margin_drop,ce_grad_cos,dlr_grad_cos,transport_projection_energy",80000,400,9683,0.1210375,5,0.9880159927444195,0.9496393969405453
bbb_vgg19_bn,1001,1,prespecified_prelogit,penultimate,M0_singular,"rank,singular_value",80000,400,9653,0.1206625,5,0.6531538709980461,0.2727215840549127
bbb_vgg19_bn,1001,1,prespecified_prelogit,penultimate,M1_jvp_proxy,"rank,singular_value,jvp_gain",80000,400,9653,0.1206625,5,0.6681495181179172,0.3124625652713271
bbb_vgg19_bn,1001,1,prespecified_prelogit,penultimate,M2_margin,"rank,singular_value,jvp_gain,margin_drop",80000,400,9653,0.1206625,5,0.9882182298784438,0.9488589127363539
bbb_vgg19_bn,1001,1,prespecified_prelogit,penultimate,M3_gradient,"rank,singular_value,jvp_gain,margin_drop,ce_grad_cos,dlr_grad_cos",80000,400,9653,0.1206625,5,0.988261295318337,0.948983722564263
bbb_vgg19_bn,1001,1,prespecified_prelogit,penultimate,M4_transport,"rank,singular_value,jvp_gain,margin_drop,ce_grad_cos,dlr_grad_cos,transport_projection_energy",80000,400,9653,0.1206625,5,0.9883484496723646,0.9516336617091824
bbb_vgg19_bn,1001,2,nested_selected_nonlogit,block5,M0_singular,"rank,singular_value",80000,400,9673,0.1209125,5,0.65155955658871,0.2708825173943887
bbb_vgg19_bn,1001,2,nested_selected_nonlogit,block5,M1_jvp_proxy,"rank,singular_value,jvp_gain",80000,400,9673,0.1209125,5,0.6673031608214284,0.3103720145715976
bbb_vgg19_bn,1001,2,nested_selected_nonlogit,block5,M2_margin,"rank,singular_value,jvp_gain,margin_drop",80000,400,9673,0.1209125,5,0.9874142306009348,0.9467979191910738
bbb_vgg19_bn,1001,2,nested_selected_nonlogit,block5,M3_gradient,"rank,singular_value,jvp_gain,margin_drop,ce_grad_cos,dlr_grad_cos",80000,400,9673,0.1209125,5,0.9874368200589847,0.9468783631534095
bbb_vgg19_bn,1001,2,nested_selected_nonlogit,block5,M4_transport,"rank,singular_value,jvp_gain,margin_drop,ce_grad_cos,dlr_grad_cos,transport_projection_energy",80000,400,9673,0.1209125,5,0.9876293192267197,0.9490674537826957
bbb_vgg19_bn,1001,2,prespecified_prelogit,penultimate,M0_singular,"rank,singular_value",80000,400,9633,0.1204125,5,0.6530673640670799,0.2729374821799891
bbb_vgg19_bn,1001,2,prespecified_prelogit,penultimate,M1_jvp_proxy,"rank,singular_value,jvp_gain",80000,400,9633,0.1204125,5,0.668871984717469,0.31290210471998403
bbb_vgg19_bn,1001,2,prespecified_prelogit,penultimate,M2_margin,"rank,singular_value,jvp_gain,margin_drop",80000,400,9633,0.1204125,5,0.988322466982441,0.9495328702470163
bbb_vgg19_bn,1001,2,prespecified_prelogit,penultimate,M3_gradient,"rank,singular_value,jvp_gain,margin_drop,ce_grad_cos,dlr_grad_cos",80000,400,9633,0.1204125,5,0.988371755513995,0.9496442806185347
bbb_vgg19_bn,1001,2,prespecified_prelogit,penultimate,M4_transport,"rank,singular_value,jvp_gain,margin_drop,ce_grad_cos,dlr_grad_cos,transport_projection_energy",80000,400,9633,0.1204125,5,0.988913022074442,0.9523947185892709
bbb_vgg19_bn,1001,3,nested_selected_nonlogit,block5,M0_singular,"rank,singular_value",80000,400,9751,0.1218875,5,0.6497029993513894,0.2696562291560919
bbb_vgg19_bn,1001,3,nested_selected_nonlogit,block5,M1_jvp_proxy,"rank,singular_value,jvp_gain",80000,400,9751,0.1218875,5,0.6683775210560869,0.3109197158995781
bbb_vgg19_bn,1001,3,nested_selected_nonlogit,block5,M2_margin,"rank,singular_value,jvp_gain,margin_drop",80000,400,9751,0.1218875,5,0.988034838040454,0.9483478417401277
bbb_vgg19_bn,1001,3,nested_selected_nonlogit,block5,M3_gradient,"rank,singular_value,jvp_gain,margin_drop,ce_grad_cos,dlr_grad_cos",80000,400,9751,0.1218875,5,0.9880548132812866,0.9483869649403976
bbb_vgg19_bn,1001,3,nested_selected_nonlogit,block5,M4_transport,"rank,singular_value,jvp_gain,margin_drop,ce_grad_cos,dlr_grad_cos,transport_projection_energy",80000,400,9751,0.1218875,5,0.9881482529702982,0.9503925954593204
bbb_vgg19_bn,1001,3,prespecified_prelogit,penultimate,M0_singular,"rank,singular_value",80000,400,9724,0.12155,5,0.6493457166090781,0.2722817784485786
bbb_vgg19_bn,1001,3,prespecified_prelogit,penultimate,M1_jvp_proxy,"rank,singular_value,jvp_gain",80000,400,9724,0.12155,5,0.6660809747517451,0.3127777117481033
bbb_vgg19_bn,1001,3,prespecified_prelogit,penultimate,M2_margin,"rank,singular_value,jvp_gain,margin_drop",80000,400,9724,0.12155,5,0.9883021946447081,0.9497133833747113
bbb_vgg19_bn,1001,3,prespecified_prelogit,penultimate,M3_gradient,"rank,singular_value,jvp_gain,margin_drop,ce_grad_cos,dlr_grad_cos",80000,400,9724,0.12155,5,0.9883331357031275,0.9497965195891118
bbb_vgg19_bn,1001,3,prespecified_prelogit,penultimate,M4_transport,"rank,singular_value,jvp_gain,margin_drop,ce_grad_cos,dlr_grad_cos,transport_projection_energy",80000,400,9724,0.12155,5,0.9887397214635114,0.9525154223620421
bbb_vgg19_bn,1001,4,nested_selected_nonlogit,block5,M0_singular,"rank,singular_value",80000,400,9704,0.1213,5,0.6508758781967403,0.27011460456123354
bbb_vgg19_bn,1001,4,nested_selected_nonlogit,block5,M1_jvp_proxy,"rank,singular_value,jvp_gain",80000,400,9704,0.1213,5,0.667676907217259,0.31008759336427516
bbb_vgg19_bn,1001,4,nested_selected_nonlogit,block5,M2_margin,"rank,singular_value,jvp_gain,margin_drop",80000,400,9704,0.1213,5,0.9880048619752387,0.9482339430715395
bbb_vgg19_bn,1001,4,nested_selected_nonlogit,block5,M3_gradient,"rank,singular_value,jvp_gain,margin_drop,ce_grad_cos,dlr_grad_cos",80000,400,9704,0.1213,5,0.988032509756647,0.948299629372714
bbb_vgg19_bn,1001,4,nested_selected_nonlogit,block5,M4_transport,"rank,singular_value,jvp_gain,margin_drop,ce_grad_cos,dlr_grad_cos,transport_projection_energy",80000,400,9704,0.1213,5,0.9881084795856993,0.9506533584666752
bbb_vgg19_bn,1001,4,prespecified_prelogit,penultimate,M0_singular,"rank,singular_value",80000,400,9655,0.1206875,5,0.6516100844844778,0.27217241509190115
bbb_vgg19_bn,1001,4,prespecified_prelogit,penultimate,M1_jvp_proxy,"rank,singular_value,jvp_gain",80000,400,9655,0.1206875,5,0.6707115942109538,0.31304936192089794
bbb_vgg19_bn,1001,4,prespecified_prelogit,penultimate,M2_margin,"rank,singular_value,jvp_gain,margin_drop",80000,400,9655,0.1206875,5,0.9884417610490341,0.9497783707128558
bbb_vgg19_bn,1001,4,prespecified_prelogit,penultimate,M3_gradient,"rank,singular_value,jvp_gain,margin_drop,ce_grad_cos,dlr_grad_cos",80000,400,9655,0.1206875,5,0.9884875441335792,0.9498707933135984
bbb_vgg19_bn,1001,4,prespecified_prelogit,penultimate,M4_transport,"rank,singular_value,jvp_gain,margin_drop,ce_grad_cos,dlr_grad_cos,transport_projection_energy",80000,400,9655,0.1206875,5,0.9886713876224229,0.9522521382106769
bbb_vgg19_bn,1002,0,nested_selected_nonlogit,block5,M0_singular,"rank,singular_value",80000,400,9755,0.1219375,5,0.6412142585522684,0.2691721150080992
bbb_vgg19_bn,1002,0,nested_selected_nonlogit,block5,M1_jvp_proxy,"rank,singular_value,jvp_gain",80000,400,9755,0.1219375,5,0.6535451416126153,0.3047184462681029
bbb_vgg19_bn,1002,0,nested_selected_nonlogit,block5,M2_margin,"rank,singular_value,jvp_gain,margin_drop",80000,400,9755,0.1219375,5,0.9845849536142429,0.9418153049175766
bbb_vgg19_bn,1002,0,nested_selected_nonlogit,block5,M3_gradient,"rank,singular_value,jvp_gain,margin_drop,ce_grad_cos,dlr_grad_cos",80000,400,9755,0.1219375,5,0.9846193590792774,0.9419630591123844
bbb_vgg19_bn,1002,0,nested_selected_nonlogit,block5,M4_transport,"rank,singular_value,jvp_gain,margin_drop,ce_grad_cos,dlr_grad_cos,transport_projection_energy",80000,400,9755,0.1219375,5,0.9845377030141885,0.9428825551369548
bbb_vgg19_bn,1002,0,prespecified_prelogit,penultimate,M0_singular,"rank,singular_value",80000,400,9708,0.12135,5,0.6477373207638577,0.2734059362889944
bbb_vgg19_bn,1002,0,prespecified_prelogit,penultimate,M1_jvp_proxy,"rank,singular_value,jvp_gain",80000,400,9708,0.12135,5,0.6553569340546613,0.3101981011691707
bbb_vgg19_bn,1002,0,prespecified_prelogit,penultimate,M2_margin,"rank,singular_value,jvp_gain,margin_drop",80000,400,9708,0.12135,5,0.9844980940767396,0.9438984560866377
bbb_vgg19_bn,1002,0,prespecified_prelogit,penultimate,M3_gradient,"rank,singular_value,jvp_gain,margin_drop,ce_grad_cos,dlr_grad_cos",80000,400,9708,0.12135,5,0.9845373455518567,0.9440242319717556
bbb_vgg19_bn,1002,0,prespecified_prelogit,penultimate,M4_transport,"rank,singular_value,jvp_gain,margin_drop,ce_grad_cos,dlr_grad_cos,transport_projection_energy",80000,400,9708,0.12135,5,0.9846927292241012,0.9454339460702268
bbb_vgg19_bn,1002,1,nested_selected_nonlogit,block5,M0_singular,"rank,singular_value",80000,400,9717,0.1214625,5,0.6439758511931513,0.27012807172362263
bbb_vgg19_bn,1002,1,nested_selected_nonlogit,block5,M1_jvp_proxy,"rank,singular_value,jvp_gain",80000,400,9717,0.1214625,5,0.6522628350241491,0.3055385278691716
bbb_vgg19_bn,1002,1,nested_selected_nonlogit,block5,M2_margin,"rank,singular_value,jvp_gain,margin_drop",80000,400,9717,0.1214625,5,0.9842964588432145,0.9417320836632362
bbb_vgg19_bn,1002,1,nested_selected_nonlogit,block5,M3_gradient,"rank,singular_value,jvp_gain,margin_drop,ce_grad_cos,dlr_grad_cos",80000,400,9717,0.1214625,5,0.9843123914308765,0.9419038660369048
bbb_vgg19_bn,1002,1,nested_selected_nonlogit,block5,M4_transport,"rank,singular_value,jvp_gain,margin_drop,ce_grad_cos,dlr_grad_cos,transport_projection_energy",80000,400,9717,0.1214625,5,0.9841103385155653,0.9428428297268341
bbb_vgg19_bn,1002,1,prespecified_prelogit,penultimate,M0_singular,"rank,singular_value",80000,400,9728,0.1216,5,0.6487546007787035,0.27258310797362206
bbb_vgg19_bn,1002,1,prespecified_prelogit,penultimate,M1_jvp_proxy,"rank,singular_value,jvp_gain",80000,400,9728,0.1216,5,0.6591327013716626,0.30877396534328927
bbb_vgg19_bn,1002,1,prespecified_prelogit,penultimate,M2_margin,"rank,singular_value,jvp_gain,margin_drop",80000,400,9728,0.1216,5,0.9843304012116827,0.9440396805466663
bbb_vgg19_bn,1002,1,prespecified_prelogit,penultimate,M3_gradient,"rank,singular_value,jvp_gain,margin_drop,ce_grad_cos,dlr_grad_cos",80000,400,9728,0.1216,5,0.9843563225751367,0.9441029348654985
bbb_vgg19_bn,1002,1,prespecified_prelogit,penultimate,M4_transport,"rank,singular_value,jvp_gain,margin_drop,ce_grad_cos,dlr_grad_cos,transport_projection_energy",80000,400,9728,0.1216,5,0.9847687458034309,0.9452616178107812
bbb_vgg19_bn,1002,2,nested_selected_nonlogit,block5,M0_singular,"rank,singular_value",80000,400,9754,0.121925,5,0.6453055328200691,0.2703137879231624
bbb_vgg19_bn,1002,2,nested_selected_nonlogit,block5,M1_jvp_proxy,"rank,singular_value,jvp_gain",80000,400,9754,0.121925,5,0.6549102804134749,0.30638944806663043
bbb_vgg19_bn,1002,2,nested_selected_nonlogit,block5,M2_margin,"rank,singular_value,jvp_gain,margin_drop",80000,400,9754,0.121925,5,0.9844005618241776,0.9421841813102239
bbb_vgg19_bn,1002,2,nested_selected_nonlogit,block5,M3_gradient,"rank,singular_value,jvp_gain,margin_drop,ce_grad_cos,dlr_grad_cos",80000,400,9754,0.121925,5,0.9844118800264602,0.9423413990455107
bbb_vgg19_bn,1002,2,nested_selected_nonlogit,block5,M4_transport,"rank,singular_value,jvp_gain,margin_drop,ce_grad_cos,dlr_grad_cos,transport_projection_energy",80000,400,9754,0.121925,5,0.9840738167811224,0.9431531456065684
bbb_vgg19_bn,1002,2,prespecified_prelogit,penultimate,M0_singular,"rank,singular_value",80000,400,9662,0.120775,5,0.6514334290011516,0.2733060713093467
bbb_vgg19_bn,1002,2,prespecified_prelogit,penultimate,M1_jvp_proxy,"rank,singular_value,jvp_gain",80000,400,9662,0.120775,5,0.6621442329278918,0.3103498672342107
bbb_vgg19_bn,1002,2,prespecified_prelogit,penultimate,M2_margin,"rank,singular_value,jvp_gain,margin_drop",80000,400,9662,0.120775,5,0.9840245732115311,0.9424512486927805
bbb_vgg19_bn,1002,2,prespecified_prelogit,penultimate,M3_gradient,"rank,singular_value,jvp_gain,margin_drop,ce_grad_cos,dlr_grad_cos",80000,400,9662,0.120775,5,0.9840571420940114,0.9425482057841588
bbb_vgg19_bn,1002,2,prespecified_prelogit,penultimate,M4_transport,"rank,singular_value,jvp_gain,margin_drop,ce_grad_cos,dlr_grad_cos,transport_projection_energy",80000,400,9662,0.120775,5,0.9842570153275748,0.943673952065067
bbb_vgg19_bn,1002,3,nested_selected_nonlogit,block5,M0_singular,"rank,singular_value",80000,400,9795,0.1224375,5,0.6416426021962445,0.2704569893632502
bbb_vgg19_bn,1002,3,nested_selected_nonlogit,block5,M1_jvp_proxy,"rank,singular_value,jvp_gain",80000,400,9795,0.1224375,5,0.6500015251041042,0.30578512838748456
bbb_vgg19_bn,1002,3,nested_selected_nonlogit,block5,M2_margin,"rank,singular_value,jvp_gain,margin_drop",80000,400,9795,0.1224375,5,0.9842808556099419,0.9420821989105451
bbb_vgg19_bn,1002,3,nested_selected_nonlogit,block5,M3_gradient,"rank,singular_value,jvp_gain,margin_drop,ce_grad_cos,dlr_grad_cos",80000,400,9795,0.1224375,5,0.9843023735745959,0.9421694005002881
bbb_vgg19_bn,1002,3,nested_selected_nonlogit,block5,M4_transport,"rank,singular_value,jvp_gain,margin_drop,ce_grad_cos,dlr_grad_cos,transport_projection_energy",80000,400,9795,0.1224375,5,0.9840638872835002,0.9430960843338032
bbb_vgg19_bn,1002,3,prespecified_prelogit,penultimate,M0_singular,"rank,singular_value",80000,400,9708,0.12135,5,0.6468127239480933,0.2727133399667356
bbb_vgg19_bn,1002,3,prespecified_prelogit,penultimate,M1_jvp_proxy,"rank,singular_value,jvp_gain",80000,400,9708,0.12135,5,0.6543159705733721,0.30847150457302963
bbb_vgg19_bn,1002,3,prespecified_prelogit,penultimate,M2_margin,"rank,singular_value,jvp_gain,margin_drop",80000,400,9708,0.12135,5,0.9847194879299305,0.9439912538320869
bbb_vgg19_bn,1002,3,prespecified_prelogit,penultimate,M3_gradient,"rank,singular_value,jvp_gain,margin_drop,ce_grad_cos,dlr_grad_cos",80000,400,9708,0.12135,5,0.9847584096838635,0.9441754967769298
bbb_vgg19_bn,1002,3,prespecified_prelogit,penultimate,M4_transport,"rank,singular_value,jvp_gain,margin_drop,ce_grad_cos,dlr_grad_cos,transport_projection_energy",80000,400,9708,0.12135,5,0.9848927073200634,0.9452084265010079
bbb_vgg19_bn,1002,4,nested_selected_nonlogit,block5,M0_singular,"rank,singular_value",80000,400,9697,0.1212125,5,0.6465572442492701,0.27124704517924153
bbb_vgg19_bn,1002,4,nested_selected_nonlogit,block5,M1_jvp_proxy,"rank,singular_value,jvp_gain",80000,400,9697,0.1212125,5,0.6559516540515192,0.30716973740738224
bbb_vgg19_bn,1002,4,nested_selected_nonlogit,block5,M2_margin,"rank,singular_value,jvp_gain,margin_drop",80000,400,9697,0.1212125,5,0.984515391706898,0.942394779726272
bbb_vgg19_bn,1002,4,nested_selected_nonlogit,block5,M3_gradient,"rank,singular_value,jvp_gain,margin_drop,ce_grad_cos,dlr_grad_cos",80000,400,9697,0.1212125,5,0.9845393000624789,0.9425573871211668
bbb_vgg19_bn,1002,4,nested_selected_nonlogit,block5,M4_transport,"rank,singular_value,jvp_gain,margin_drop,ce_grad_cos,dlr_grad_cos,transport_projection_energy",80000,400,9697,0.1212125,5,0.9845446995751419,0.9437772619889262
bbb_vgg19_bn,1002,4,prespecified_prelogit,penultimate,M0_singular,"rank,singular_value",80000,400,9704,0.1213,5,0.6492000796115374,0.27322526891548915
bbb_vgg19_bn,1002,4,prespecified_prelogit,penultimate,M1_jvp_proxy,"rank,singular_value,jvp_gain",80000,400,9704,0.1213,5,0.6594189576269223,0.30933173516418133
bbb_vgg19_bn,1002,4,prespecified_prelogit,penultimate,M2_margin,"rank,singular_value,jvp_gain,margin_drop",80000,400,9704,0.1213,5,0.9842953242541187,0.9441382044058009
bbb_vgg19_bn,1002,4,prespecified_prelogit,penultimate,M3_gradient,"rank,singular_value,jvp_gain,margin_drop,ce_grad_cos,dlr_grad_cos",80000,400,9704,0.1213,5,0.9843406279145982,0.9442939434654322
bbb_vgg19_bn,1002,4,prespecified_prelogit,penultimate,M4_transport,"rank,singular_value,jvp_gain,margin_drop,ce_grad_cos,dlr_grad_cos,transport_projection_energy",80000,400,9704,0.1213,5,0.9846355781408515,0.9453668230270695
bbb_vgg19_bn,1003,0,nested_selected_nonlogit,block5,M0_singular,"rank,singular_value",80000,400,9571,0.1196375,5,0.6535701483161781,0.2760170097456888
bbb_vgg19_bn,1003,0,nested_selected_nonlogit,block5,M1_jvp_proxy,"rank,singular_value,jvp_gain",80000,400,9571,0.1196375,5,0.6775320116408424,0.31655488393572406
bbb_vgg19_bn,1003,0,nested_selected_nonlogit,block5,M2_margin,"rank,singular_value,jvp_gain,margin_drop",80000,400,9571,0.1196375,5,0.9879184209268025,0.9474747808985611
bbb_vgg19_bn,1003,0,nested_selected_nonlogit,block5,M3_gradient,"rank,singular_value,jvp_gain,margin_drop,ce_grad_cos,dlr_grad_cos",80000,400,9571,0.1196375,5,0.9879355821974952,0.9476124925711877
bbb_vgg19_bn,1003,0,nested_selected_nonlogit,block5,M4_transport,"rank,singular_value,jvp_gain,margin_drop,ce_grad_cos,dlr_grad_cos,transport_projection_energy",80000,400,9571,0.1196375,5,0.988534477610705,0.9495380917833673
bbb_vgg19_bn,1003,0,prespecified_prelogit,penultimate,M0_singular,"rank,singular_value",80000,400,9559,0.1194875,5,0.6535939307260764,0.27752795966417587
bbb_vgg19_bn,1003,0,prespecified_prelogit,penultimate,M1_jvp_proxy,"rank,singular_value,jvp_gain",80000,400,9559,0.1194875,5,0.6762905041326932,0.3170325789448163
bbb_vgg19_bn,1003,0,prespecified_prelogit,penultimate,M2_margin,"rank,singular_value,jvp_gain,margin_drop",80000,400,9559,0.1194875,5,0.9873454582238039,0.9465586291240009
bbb_vgg19_bn,1003,0,prespecified_prelogit,penultimate,M3_gradient,"rank,singular_value,jvp_gain,margin_drop,ce_grad_cos,dlr_grad_cos",80000,400,9559,0.1194875,5,0.9873430775738185,0.946685372905228
bbb_vgg19_bn,1003,0,prespecified_prelogit,penultimate,M4_transport,"rank,singular_value,jvp_gain,margin_drop,ce_grad_cos,dlr_grad_cos,transport_projection_energy",80000,400,9559,0.1194875,5,0.9877034557053316,0.9489303430220493
bbb_vgg19_bn,1003,1,nested_selected_nonlogit,block5,M0_singular,"rank,singular_value",80000,400,9608,0.1201,5,0.6533507043558333,0.2754369974972151
bbb_vgg19_bn,1003,1,nested_selected_nonlogit,block5,M1_jvp_proxy,"rank,singular_value,jvp_gain",80000,400,9608,0.1201,5,0.6862485804485958,0.3182382354982584
bbb_vgg19_bn,1003,1,nested_selected_nonlogit,block5,M2_margin,"rank,singular_value,jvp_gain,margin_drop",80000,400,9608,0.1201,5,0.9886749745022496,0.9489271632904153
bbb_vgg19_bn,1003,1,nested_selected_nonlogit,block5,M3_gradient,"rank,singular_value,jvp_gain,margin_drop,ce_grad_cos,dlr_grad_cos",80000,400,9608,0.1201,5,0.9886961654558429,0.9490375723990794
bbb_vgg19_bn,1003,1,nested_selected_nonlogit,block5,M4_transport,"rank,singular_value,jvp_gain,margin_drop,ce_grad_cos,dlr_grad_cos,transport_projection_energy",80000,400,9608,0.1201,5,0.98910269997234,0.950904211191899
bbb_vgg19_bn,1003,1,prespecified_prelogit,penultimate,M0_singular,"rank,singular_value",80000,400,9495,0.1186875,5,0.6581664796273958,0.27904338003017637
bbb_vgg19_bn,1003,1,prespecified_prelogit,penultimate,M1_jvp_proxy,"rank,singular_value,jvp_gain",80000,400,9495,0.1186875,5,0.6754760755355584,0.3189180956908139
bbb_vgg19_bn,1003,1,prespecified_prelogit,penultimate,M2_margin,"rank,singular_value,jvp_gain,margin_drop",80000,400,9495,0.1186875,5,0.9880662619059914,0.9488924034901404
bbb_vgg19_bn,1003,1,prespecified_prelogit,penultimate,M3_gradient,"rank,singular_value,jvp_gain,margin_drop,ce_grad_cos,dlr_grad_cos",80000,400,9495,0.1186875,5,0.9880568690503652,0.9490291513089212
bbb_vgg19_bn,1003,1,prespecified_prelogit,penultimate,M4_transport,"rank,singular_value,jvp_gain,margin_drop,ce_grad_cos,dlr_grad_cos,transport_projection_energy",80000,400,9495,0.1186875,5,0.988795486888224,0.9514673275034111
bbb_vgg19_bn,1003,2,nested_selected_nonlogit,block5,M0_singular,"rank,singular_value",80000,400,9634,0.120425,5,0.6504924331372387,0.2755226319431059
bbb_vgg19_bn,1003,2,nested_selected_nonlogit,block5,M1_jvp_proxy,"rank,singular_value,jvp_gain",80000,400,9634,0.120425,5,0.672605279205919,0.31519163758639185
bbb_vgg19_bn,1003,2,nested_selected_nonlogit,block5,M2_margin,"rank,singular_value,jvp_gain,margin_drop",80000,400,9634,0.120425,5,0.9881170612486825,0.9485621092387623
bbb_vgg19_bn,1003,2,nested_selected_nonlogit,block5,M3_gradient,"rank,singular_value,jvp_gain,margin_drop,ce_grad_cos,dlr_grad_cos",80000,400,9634,0.120425,5,0.9881300630504484,0.948640207739708
bbb_vgg19_bn,1003,2,nested_selected_nonlogit,block5,M4_transport,"rank,singular_value,jvp_gain,margin_drop,ce_grad_cos,dlr_grad_cos,transport_projection_energy",80000,400,9634,0.120425,5,0.9884436610805613,0.9504781374595774
bbb_vgg19_bn,1003,2,prespecified_prelogit,penultimate,M0_singular,"rank,singular_value",80000,400,9512,0.1189,5,0.6562963845512324,0.27892862163050175
bbb_vgg19_bn,1003,2,prespecified_prelogit,penultimate,M1_jvp_proxy,"rank,singular_value,jvp_gain",80000,400,9512,0.1189,5,0.6723459225121821,0.3177020597779698
bbb_vgg19_bn,1003,2,prespecified_prelogit,penultimate,M2_margin,"rank,singular_value,jvp_gain,margin_drop",80000,400,9512,0.1189,5,0.9881264035279128,0.9486698630142301
bbb_vgg19_bn,1003,2,prespecified_prelogit,penultimate,M3_gradient,"rank,singular_value,jvp_gain,margin_drop,ce_grad_cos,dlr_grad_cos",80000,400,9512,0.1189,5,0.9881346408872844,0.9488401954733139
bbb_vgg19_bn,1003,2,prespecified_prelogit,penultimate,M4_transport,"rank,singular_value,jvp_gain,margin_drop,ce_grad_cos,dlr_grad_cos,transport_projection_energy",80000,400,9512,0.1189,5,0.9882224120916405,0.9506221018667087
bbb_vgg19_bn,1003,3,nested_selected_nonlogit,block5,M0_singular,"rank,singular_value",80000,400,9620,0.12025,5,0.6507963452336853,0.2751447167328509
bbb_vgg19_bn,1003,3,nested_selected_nonlogit,block5,M1_jvp_proxy,"rank,singular_value,jvp_gain",80000,400,9620,0.12025,5,0.673693720279398,0.3155615820308812
bbb_vgg19_bn,1003,3,nested_selected_nonlogit,block5,M2_margin,"rank,singular_value,jvp_gain,margin_drop",80000,400,9620,0.12025,5,0.9879831951762899,0.9481035253757781
bbb_vgg19_bn,1003,3,nested_selected_nonlogit,block5,M3_gradient,"rank,singular_value,jvp_gain,margin_drop,ce_grad_cos,dlr_grad_cos",80000,400,9620,0.12025,5,0.9880012823171392,0.9481978850437132
bbb_vgg19_bn,1003,3,nested_selected_nonlogit,block5,M4_transport,"rank,singular_value,jvp_gain,margin_drop,ce_grad_cos,dlr_grad_cos,transport_projection_energy",80000,400,9620,0.12025,5,0.9882065003228686,0.9498714156010566
bbb_vgg19_bn,1003,3,prespecified_prelogit,penultimate,M0_singular,"rank,singular_value",80000,400,9515,0.1189375,5,0.6562505426052829,0.2799107946598014
bbb_vgg19_bn,1003,3,prespecified_prelogit,penultimate,M1_jvp_proxy,"rank,singular_value,jvp_gain",80000,400,9515,0.1189375,5,0.6752179529631626,0.31963690181427074
bbb_vgg19_bn,1003,3,prespecified_prelogit,penultimate,M2_margin,"rank,singular_value,jvp_gain,margin_drop",80000,400,9515,0.1189375,5,0.9882584559476827,0.9490779168975676
bbb_vgg19_bn,1003,3,prespecified_prelogit,penultimate,M3_gradient,"rank,singular_value,jvp_gain,margin_drop,ce_grad_cos,dlr_grad_cos",80000,400,9515,0.1189375,5,0.9882594952150275,0.9491898096631786
bbb_vgg19_bn,1003,3,prespecified_prelogit,penultimate,M4_transport,"rank,singular_value,jvp_gain,margin_drop,ce_grad_cos,dlr_grad_cos,transport_projection_energy",80000,400,9515,0.1189375,5,0.989090554219133,0.9522183736565943
bbb_vgg19_bn,1003,4,nested_selected_nonlogit,block5,M0_singular,"rank,singular_value",80000,400,9597,0.1199625,5,0.6528848286113609,0.2751743776495999
bbb_vgg19_bn,1003,4,nested_selected_nonlogit,block5,M1_jvp_proxy,"rank,singular_value,jvp_gain",80000,400,9597,0.1199625,5,0.6704048123393318,0.3144962879197678
bbb_vgg19_bn,1003,4,nested_selected_nonlogit,block5,M2_margin,"rank,singular_value,jvp_gain,margin_drop",80000,400,9597,0.1199625,5,0.9881945572635472,0.9476003541718494
bbb_vgg19_bn,1003,4,nested_selected_nonlogit,block5,M3_gradient,"rank,singular_value,jvp_gain,margin_drop,ce_grad_cos,dlr_grad_cos",80000,400,9597,0.1199625,5,0.9882220341989764,0.9477314659390308
bbb_vgg19_bn,1003,4,nested_selected_nonlogit,block5,M4_transport,"rank,singular_value,jvp_gain,margin_drop,ce_grad_cos,dlr_grad_cos,transport_projection_energy",80000,400,9597,0.1199625,5,0.9884501053433737,0.9495193997478978
bbb_vgg19_bn,1003,4,prespecified_prelogit,penultimate,M0_singular,"rank,singular_value",80000,400,9505,0.1188125,5,0.657178379281491,0.27943625867279454
bbb_vgg19_bn,1003,4,prespecified_prelogit,penultimate,M1_jvp_proxy,"rank,singular_value,jvp_gain",80000,400,9505,0.1188125,5,0.6754957360028555,0.31873834499007564
bbb_vgg19_bn,1003,4,prespecified_prelogit,penultimate,M2_margin,"rank,singular_value,jvp_gain,margin_drop",80000,400,9505,0.1188125,5,0.9885491694170317,0.9499409174787676
bbb_vgg19_bn,1003,4,prespecified_prelogit,penultimate,M3_gradient,"rank,singular_value,jvp_gain,margin_drop,ce_grad_cos,dlr_grad_cos",80000,400,9505,0.1188125,5,0.9885535183139263,0.9500128300979245
bbb_vgg19_bn,1003,4,prespecified_prelogit,penultimate,M4_transport,"rank,singular_value,jvp_gain,margin_drop,ce_grad_cos,dlr_grad_cos,transport_projection_energy",80000,400,9505,0.1188125,5,0.9888207620576207,0.9522246695995409
